depth,scen_label,soc_start_tC_ha,soc_end_tC_ha,record_years,soc_equilibrium_tC_ha,eq_lower,eq_upper,k_per_yr,t95_years,status,gap_closed_pct,remaining_change_tC_ha
0-30 cm,Reference,73.591375,71.95295000000002,26,NA,NA,NA,NA,NA,no convergence,NA,NA
0-30 cm,Rad 0%,73.58175,70.43894999999999,26,NA,NA,NA,NA,NA,no convergence,NA,NA
0-30 cm,Rad -30%,73.57075,68.86882500000002,26,NA,NA,NA,NA,NA,no convergence,NA,NA
0-30 cm,Tmp 0degC,73.59339999999999,72.9041,26,NA,NA,NA,NA,NA,no convergence,NA,NA
0-30 cm,Tmp -3degC,73.60015,79.95347500000001,26,87.80541502261572,85.3097103038061,92.40009490524292,0.022734398662165874,131.770904437399,not identifiable from 27-yr record,44.72514233198113,7.8519400226157074
0-30 cm,Tmp +3degC,73.56752499999999,69.68294999999999,26,NA,NA,NA,NA,NA,no convergence,NA,NA
30-60 cm,Reference,29.5834,34.211925,26,40.76698688155633,39.62996629994425,42.30199233823486,0.020623671003363788,145.25698519266416,not identifiable from 27-yr record,41.386766598408954,6.555061881556327
30-60 cm,Rad 0%,29.58535,33.474325,26,40.037118853955164,39.14661878610729,41.16680910894258,0.018050515219261834,165.9638097397477,not identifiable from 27-yr record,37.20877350371496,6.562793853955164
30-60 cm,Rad -30%,29.582999999999995,32.774350000000005,26,37.77783520203558,37.0737667655286,38.67608293528208,0.019213152016317136,155.92091662054244,not identifiable from 27-yr record,38.94343109190631,5.003485202035577
30-60 cm,Tmp 0degC,29.584850000000003,34.22159999999999,26,43.5668969741439,41.966460409786286,45.77864606445165,0.015566567260488285,192.44655699769365,not identifiable from 27-yr record,33.16216866224544,9.345296974143913
30-60 cm,Tmp -3degC,29.57372500000001,33.21915,26,47.04830631640943,43.67679744576059,52.97968080317372,0.009137818181335126,327.83890137725245,not identifiable from 27-yr record,20.86130096048007,13.829156316409431
30-60 cm,Tmp +3degC,29.584999999999997,34.7633,26,43.718463738924534,42.14522685254285,45.89106672958457,0.017895510703882397,167.40132892122898,not identifiable from 27-yr record,36.638577037125074,8.955163738924533
