simulation_id,scenario_unit,reference_type,run_id,soil,rotation,rotation_code,fertilisation,residue,weather_scenario,weather_factor,weather_direction,weather_change_pct,weather_signed_change_pct,strip_position,weather_is_baseline
SIM0001,NA,Open-field baseline,foulum_RotationGCMin_weatherBaselineopen,foulum,Grass-Clover rotation,GC,Mineral fertiliser,NA,weatherBaselineopen,Baseline,No change,0,0,Open field,TRUE
SIM0002,percent,Perturbation from VAPV 0-level,foulum_RotationGCMin_weatherRad30dwnCenter,foulum,Grass-Clover rotation,GC,Mineral fertiliser,NA,weatherRad30dwnCenter,Radiation,Decrease,30,-30,Center,FALSE
SIM0003,percent,Perturbation from VAPV 0-level,foulum_RotationGCMin_weatherRad20dwnCenter,foulum,Grass-Clover rotation,GC,Mineral fertiliser,NA,weatherRad20dwnCenter,Radiation,Decrease,20,-20,Center,FALSE
SIM0004,percent,Perturbation from VAPV 0-level,foulum_RotationGCMin_weatherRad10dwnCenter,foulum,Grass-Clover rotation,GC,Mineral fertiliser,NA,weatherRad10dwnCenter,Radiation,Decrease,10,-10,Center,FALSE
SIM0005,percent,Perturbation from VAPV 0-level,foulum_RotationGCMin_weatherRad5dwnCenter,foulum,Grass-Clover rotation,GC,Mineral fertiliser,NA,weatherRad5dwnCenter,Radiation,Decrease,5,-5,Center,FALSE
SIM0006,percent,VAPV 0-level (modelled microclimate),foulum_RotationGCMin_weatherRad0Center,foulum,Grass-Clover rotation,GC,Mineral fertiliser,NA,weatherRad0Center,Radiation,No change,0,0,Center,FALSE
SIM0007,percent,VAPV 0-level (modelled microclimate),foulum_RotationGCMin_weatherRad0East,foulum,Grass-Clover rotation,GC,Mineral fertiliser,NA,weatherRad0East,Radiation,No change,0,0,East,FALSE
SIM0008,percent,VAPV 0-level (modelled microclimate),foulum_RotationGCMin_weatherRad0West,foulum,Grass-Clover rotation,GC,Mineral fertiliser,NA,weatherRad0West,Radiation,No change,0,0,West,FALSE
SIM0009,degC,Perturbation from VAPV 0-level,foulum_RotationGCMin_weatherTmp3dwnCenter,foulum,Grass-Clover rotation,GC,Mineral fertiliser,NA,weatherTmp3dwnCenter,Temperature,Decrease,3,-3,Center,FALSE
SIM0010,degC,Perturbation from VAPV 0-level,foulum_RotationGCMin_weatherTmp2dwnCenter,foulum,Grass-Clover rotation,GC,Mineral fertiliser,NA,weatherTmp2dwnCenter,Temperature,Decrease,2,-2,Center,FALSE
SIM0011,degC,VAPV 0-level (modelled microclimate),foulum_RotationGCMin_weatherTmp0Center,foulum,Grass-Clover rotation,GC,Mineral fertiliser,NA,weatherTmp0Center,Temperature,No change,0,0,Center,FALSE
SIM0012,degC,VAPV 0-level (modelled microclimate),foulum_RotationGCMin_weatherTmp0East,foulum,Grass-Clover rotation,GC,Mineral fertiliser,NA,weatherTmp0East,Temperature,No change,0,0,East,FALSE
SIM0013,degC,VAPV 0-level (modelled microclimate),foulum_RotationGCMin_weatherTmp0West,foulum,Grass-Clover rotation,GC,Mineral fertiliser,NA,weatherTmp0West,Temperature,No change,0,0,West,FALSE
SIM0014,degC,Perturbation from VAPV 0-level,foulum_RotationGCMin_weatherTmp0p5upCenter,foulum,Grass-Clover rotation,GC,Mineral fertiliser,NA,weatherTmp0p5upCenter,Temperature,Increase,0.5,0.5,Center,FALSE
SIM0015,degC,Perturbation from VAPV 0-level,foulum_RotationGCMin_weatherTmp1upCenter,foulum,Grass-Clover rotation,GC,Mineral fertiliser,NA,weatherTmp1upCenter,Temperature,Increase,1,1,Center,FALSE
SIM0016,degC,Perturbation from VAPV 0-level,foulum_RotationGCMin_weatherTmp2upCenter,foulum,Grass-Clover rotation,GC,Mineral fertiliser,NA,weatherTmp2upCenter,Temperature,Increase,2,2,Center,FALSE
SIM0017,degC,Perturbation from VAPV 0-level,foulum_RotationGCMin_weatherTmp3upCenter,foulum,Grass-Clover rotation,GC,Mineral fertiliser,NA,weatherTmp3upCenter,Temperature,Increase,3,3,Center,FALSE
SIM0018,percent,Perturbation from VAPV 0-level,foulum_RotationGCMin_weatherWin70dwnCenter,foulum,Grass-Clover rotation,GC,Mineral fertiliser,NA,weatherWin70dwnCenter,Wind,Decrease,70,-70,Center,FALSE
SIM0019,percent,Perturbation from VAPV 0-level,foulum_RotationGCMin_weatherWin60dwnCenter,foulum,Grass-Clover rotation,GC,Mineral fertiliser,NA,weatherWin60dwnCenter,Wind,Decrease,60,-60,Center,FALSE
SIM0020,percent,Perturbation from VAPV 0-level,foulum_RotationGCMin_weatherWin50dwnCenter,foulum,Grass-Clover rotation,GC,Mineral fertiliser,NA,weatherWin50dwnCenter,Wind,Decrease,50,-50,Center,FALSE
SIM0021,percent,Perturbation from VAPV 0-level,foulum_RotationGCMin_weatherWin40dwnCenter,foulum,Grass-Clover rotation,GC,Mineral fertiliser,NA,weatherWin40dwnCenter,Wind,Decrease,40,-40,Center,FALSE
SIM0022,percent,Perturbation from VAPV 0-level,foulum_RotationGCMin_weatherWin30dwnCenter,foulum,Grass-Clover rotation,GC,Mineral fertiliser,NA,weatherWin30dwnCenter,Wind,Decrease,30,-30,Center,FALSE
SIM0023,percent,Perturbation from VAPV 0-level,foulum_RotationGCMin_weatherWin20dwnCenter,foulum,Grass-Clover rotation,GC,Mineral fertiliser,NA,weatherWin20dwnCenter,Wind,Decrease,20,-20,Center,FALSE
SIM0024,percent,VAPV 0-level (modelled microclimate),foulum_RotationGCMin_weatherWin0Center,foulum,Grass-Clover rotation,GC,Mineral fertiliser,NA,weatherWin0Center,Wind,No change,0,0,Center,FALSE
SIM0025,percent,VAPV 0-level (modelled microclimate),foulum_RotationGCMin_weatherWin0East,foulum,Grass-Clover rotation,GC,Mineral fertiliser,NA,weatherWin0East,Wind,No change,0,0,East,FALSE
SIM0026,percent,VAPV 0-level (modelled microclimate),foulum_RotationGCMin_weatherWin0West,foulum,Grass-Clover rotation,GC,Mineral fertiliser,NA,weatherWin0West,Wind,No change,0,0,West,FALSE
SIM0027,NA,Open-field baseline,foulum_Rotation1DigRem_weatherBaselineopen,foulum,Rotation 1,1,Biogas digestate,Residue Removed,weatherBaselineopen,Baseline,No change,0,0,Open field,TRUE
SIM0028,percent,Perturbation from VAPV 0-level,foulum_Rotation1DigRem_weatherRad30dwnCenter,foulum,Rotation 1,1,Biogas digestate,Residue Removed,weatherRad30dwnCenter,Radiation,Decrease,30,-30,Center,FALSE
SIM0029,percent,Perturbation from VAPV 0-level,foulum_Rotation1DigRem_weatherRad20dwnCenter,foulum,Rotation 1,1,Biogas digestate,Residue Removed,weatherRad20dwnCenter,Radiation,Decrease,20,-20,Center,FALSE
SIM0030,percent,Perturbation from VAPV 0-level,foulum_Rotation1DigRem_weatherRad10dwnCenter,foulum,Rotation 1,1,Biogas digestate,Residue Removed,weatherRad10dwnCenter,Radiation,Decrease,10,-10,Center,FALSE
SIM0031,percent,Perturbation from VAPV 0-level,foulum_Rotation1DigRem_weatherRad5dwnCenter,foulum,Rotation 1,1,Biogas digestate,Residue Removed,weatherRad5dwnCenter,Radiation,Decrease,5,-5,Center,FALSE
SIM0032,percent,VAPV 0-level (modelled microclimate),foulum_Rotation1DigRem_weatherRad0Center,foulum,Rotation 1,1,Biogas digestate,Residue Removed,weatherRad0Center,Radiation,No change,0,0,Center,FALSE
SIM0033,percent,VAPV 0-level (modelled microclimate),foulum_Rotation1DigRem_weatherRad0East,foulum,Rotation 1,1,Biogas digestate,Residue Removed,weatherRad0East,Radiation,No change,0,0,East,FALSE
SIM0034,percent,VAPV 0-level (modelled microclimate),foulum_Rotation1DigRem_weatherRad0West,foulum,Rotation 1,1,Biogas digestate,Residue Removed,weatherRad0West,Radiation,No change,0,0,West,FALSE
SIM0035,degC,Perturbation from VAPV 0-level,foulum_Rotation1DigRem_weatherTmp3dwnCenter,foulum,Rotation 1,1,Biogas digestate,Residue Removed,weatherTmp3dwnCenter,Temperature,Decrease,3,-3,Center,FALSE
SIM0036,degC,Perturbation from VAPV 0-level,foulum_Rotation1DigRem_weatherTmp2dwnCenter,foulum,Rotation 1,1,Biogas digestate,Residue Removed,weatherTmp2dwnCenter,Temperature,Decrease,2,-2,Center,FALSE
SIM0037,degC,VAPV 0-level (modelled microclimate),foulum_Rotation1DigRem_weatherTmp0Center,foulum,Rotation 1,1,Biogas digestate,Residue Removed,weatherTmp0Center,Temperature,No change,0,0,Center,FALSE
SIM0038,degC,VAPV 0-level (modelled microclimate),foulum_Rotation1DigRem_weatherTmp0East,foulum,Rotation 1,1,Biogas digestate,Residue Removed,weatherTmp0East,Temperature,No change,0,0,East,FALSE
SIM0039,degC,VAPV 0-level (modelled microclimate),foulum_Rotation1DigRem_weatherTmp0West,foulum,Rotation 1,1,Biogas digestate,Residue Removed,weatherTmp0West,Temperature,No change,0,0,West,FALSE
SIM0040,degC,Perturbation from VAPV 0-level,foulum_Rotation1DigRem_weatherTmp0p5upCenter,foulum,Rotation 1,1,Biogas digestate,Residue Removed,weatherTmp0p5upCenter,Temperature,Increase,0.5,0.5,Center,FALSE
SIM0041,degC,Perturbation from VAPV 0-level,foulum_Rotation1DigRem_weatherTmp1upCenter,foulum,Rotation 1,1,Biogas digestate,Residue Removed,weatherTmp1upCenter,Temperature,Increase,1,1,Center,FALSE
SIM0042,degC,Perturbation from VAPV 0-level,foulum_Rotation1DigRem_weatherTmp2upCenter,foulum,Rotation 1,1,Biogas digestate,Residue Removed,weatherTmp2upCenter,Temperature,Increase,2,2,Center,FALSE
SIM0043,degC,Perturbation from VAPV 0-level,foulum_Rotation1DigRem_weatherTmp3upCenter,foulum,Rotation 1,1,Biogas digestate,Residue Removed,weatherTmp3upCenter,Temperature,Increase,3,3,Center,FALSE
SIM0044,percent,Perturbation from VAPV 0-level,foulum_Rotation1DigRem_weatherWin70dwnCenter,foulum,Rotation 1,1,Biogas digestate,Residue Removed,weatherWin70dwnCenter,Wind,Decrease,70,-70,Center,FALSE
SIM0045,percent,Perturbation from VAPV 0-level,foulum_Rotation1DigRem_weatherWin60dwnCenter,foulum,Rotation 1,1,Biogas digestate,Residue Removed,weatherWin60dwnCenter,Wind,Decrease,60,-60,Center,FALSE
SIM0046,percent,Perturbation from VAPV 0-level,foulum_Rotation1DigRem_weatherWin50dwnCenter,foulum,Rotation 1,1,Biogas digestate,Residue Removed,weatherWin50dwnCenter,Wind,Decrease,50,-50,Center,FALSE
SIM0047,percent,Perturbation from VAPV 0-level,foulum_Rotation1DigRem_weatherWin40dwnCenter,foulum,Rotation 1,1,Biogas digestate,Residue Removed,weatherWin40dwnCenter,Wind,Decrease,40,-40,Center,FALSE
SIM0048,percent,Perturbation from VAPV 0-level,foulum_Rotation1DigRem_weatherWin30dwnCenter,foulum,Rotation 1,1,Biogas digestate,Residue Removed,weatherWin30dwnCenter,Wind,Decrease,30,-30,Center,FALSE
SIM0049,percent,Perturbation from VAPV 0-level,foulum_Rotation1DigRem_weatherWin20dwnCenter,foulum,Rotation 1,1,Biogas digestate,Residue Removed,weatherWin20dwnCenter,Wind,Decrease,20,-20,Center,FALSE
SIM0050,percent,VAPV 0-level (modelled microclimate),foulum_Rotation1DigRem_weatherWin0Center,foulum,Rotation 1,1,Biogas digestate,Residue Removed,weatherWin0Center,Wind,No change,0,0,Center,FALSE
SIM0051,percent,VAPV 0-level (modelled microclimate),foulum_Rotation1DigRem_weatherWin0East,foulum,Rotation 1,1,Biogas digestate,Residue Removed,weatherWin0East,Wind,No change,0,0,East,FALSE
SIM0052,percent,VAPV 0-level (modelled microclimate),foulum_Rotation1DigRem_weatherWin0West,foulum,Rotation 1,1,Biogas digestate,Residue Removed,weatherWin0West,Wind,No change,0,0,West,FALSE
SIM0053,NA,Open-field baseline,foulum_Rotation1DigRet_weatherBaselineopen,foulum,Rotation 1,1,Biogas digestate,Residue Retained,weatherBaselineopen,Baseline,No change,0,0,Open field,TRUE
SIM0054,percent,Perturbation from VAPV 0-level,foulum_Rotation1DigRet_weatherRad30dwnCenter,foulum,Rotation 1,1,Biogas digestate,Residue Retained,weatherRad30dwnCenter,Radiation,Decrease,30,-30,Center,FALSE
SIM0055,percent,Perturbation from VAPV 0-level,foulum_Rotation1DigRet_weatherRad20dwnCenter,foulum,Rotation 1,1,Biogas digestate,Residue Retained,weatherRad20dwnCenter,Radiation,Decrease,20,-20,Center,FALSE
SIM0056,percent,Perturbation from VAPV 0-level,foulum_Rotation1DigRet_weatherRad10dwnCenter,foulum,Rotation 1,1,Biogas digestate,Residue Retained,weatherRad10dwnCenter,Radiation,Decrease,10,-10,Center,FALSE
SIM0057,percent,Perturbation from VAPV 0-level,foulum_Rotation1DigRet_weatherRad5dwnCenter,foulum,Rotation 1,1,Biogas digestate,Residue Retained,weatherRad5dwnCenter,Radiation,Decrease,5,-5,Center,FALSE
SIM0058,percent,VAPV 0-level (modelled microclimate),foulum_Rotation1DigRet_weatherRad0Center,foulum,Rotation 1,1,Biogas digestate,Residue Retained,weatherRad0Center,Radiation,No change,0,0,Center,FALSE
SIM0059,percent,VAPV 0-level (modelled microclimate),foulum_Rotation1DigRet_weatherRad0East,foulum,Rotation 1,1,Biogas digestate,Residue Retained,weatherRad0East,Radiation,No change,0,0,East,FALSE
SIM0060,percent,VAPV 0-level (modelled microclimate),foulum_Rotation1DigRet_weatherRad0West,foulum,Rotation 1,1,Biogas digestate,Residue Retained,weatherRad0West,Radiation,No change,0,0,West,FALSE
SIM0061,degC,Perturbation from VAPV 0-level,foulum_Rotation1DigRet_weatherTmp3dwnCenter,foulum,Rotation 1,1,Biogas digestate,Residue Retained,weatherTmp3dwnCenter,Temperature,Decrease,3,-3,Center,FALSE
SIM0062,degC,Perturbation from VAPV 0-level,foulum_Rotation1DigRet_weatherTmp2dwnCenter,foulum,Rotation 1,1,Biogas digestate,Residue Retained,weatherTmp2dwnCenter,Temperature,Decrease,2,-2,Center,FALSE
SIM0063,degC,VAPV 0-level (modelled microclimate),foulum_Rotation1DigRet_weatherTmp0Center,foulum,Rotation 1,1,Biogas digestate,Residue Retained,weatherTmp0Center,Temperature,No change,0,0,Center,FALSE
SIM0064,degC,VAPV 0-level (modelled microclimate),foulum_Rotation1DigRet_weatherTmp0East,foulum,Rotation 1,1,Biogas digestate,Residue Retained,weatherTmp0East,Temperature,No change,0,0,East,FALSE
SIM0065,degC,VAPV 0-level (modelled microclimate),foulum_Rotation1DigRet_weatherTmp0West,foulum,Rotation 1,1,Biogas digestate,Residue Retained,weatherTmp0West,Temperature,No change,0,0,West,FALSE
SIM0066,degC,Perturbation from VAPV 0-level,foulum_Rotation1DigRet_weatherTmp0p5upCenter,foulum,Rotation 1,1,Biogas digestate,Residue Retained,weatherTmp0p5upCenter,Temperature,Increase,0.5,0.5,Center,FALSE
SIM0067,degC,Perturbation from VAPV 0-level,foulum_Rotation1DigRet_weatherTmp1upCenter,foulum,Rotation 1,1,Biogas digestate,Residue Retained,weatherTmp1upCenter,Temperature,Increase,1,1,Center,FALSE
SIM0068,degC,Perturbation from VAPV 0-level,foulum_Rotation1DigRet_weatherTmp2upCenter,foulum,Rotation 1,1,Biogas digestate,Residue Retained,weatherTmp2upCenter,Temperature,Increase,2,2,Center,FALSE
SIM0069,degC,Perturbation from VAPV 0-level,foulum_Rotation1DigRet_weatherTmp3upCenter,foulum,Rotation 1,1,Biogas digestate,Residue Retained,weatherTmp3upCenter,Temperature,Increase,3,3,Center,FALSE
SIM0070,percent,Perturbation from VAPV 0-level,foulum_Rotation1DigRet_weatherWin70dwnCenter,foulum,Rotation 1,1,Biogas digestate,Residue Retained,weatherWin70dwnCenter,Wind,Decrease,70,-70,Center,FALSE
SIM0071,percent,Perturbation from VAPV 0-level,foulum_Rotation1DigRet_weatherWin60dwnCenter,foulum,Rotation 1,1,Biogas digestate,Residue Retained,weatherWin60dwnCenter,Wind,Decrease,60,-60,Center,FALSE
SIM0072,percent,Perturbation from VAPV 0-level,foulum_Rotation1DigRet_weatherWin50dwnCenter,foulum,Rotation 1,1,Biogas digestate,Residue Retained,weatherWin50dwnCenter,Wind,Decrease,50,-50,Center,FALSE
SIM0073,percent,Perturbation from VAPV 0-level,foulum_Rotation1DigRet_weatherWin40dwnCenter,foulum,Rotation 1,1,Biogas digestate,Residue Retained,weatherWin40dwnCenter,Wind,Decrease,40,-40,Center,FALSE
SIM0074,percent,Perturbation from VAPV 0-level,foulum_Rotation1DigRet_weatherWin30dwnCenter,foulum,Rotation 1,1,Biogas digestate,Residue Retained,weatherWin30dwnCenter,Wind,Decrease,30,-30,Center,FALSE
SIM0075,percent,Perturbation from VAPV 0-level,foulum_Rotation1DigRet_weatherWin20dwnCenter,foulum,Rotation 1,1,Biogas digestate,Residue Retained,weatherWin20dwnCenter,Wind,Decrease,20,-20,Center,FALSE
SIM0076,percent,VAPV 0-level (modelled microclimate),foulum_Rotation1DigRet_weatherWin0Center,foulum,Rotation 1,1,Biogas digestate,Residue Retained,weatherWin0Center,Wind,No change,0,0,Center,FALSE
SIM0077,percent,VAPV 0-level (modelled microclimate),foulum_Rotation1DigRet_weatherWin0East,foulum,Rotation 1,1,Biogas digestate,Residue Retained,weatherWin0East,Wind,No change,0,0,East,FALSE
SIM0078,percent,VAPV 0-level (modelled microclimate),foulum_Rotation1DigRet_weatherWin0West,foulum,Rotation 1,1,Biogas digestate,Residue Retained,weatherWin0West,Wind,No change,0,0,West,FALSE
SIM0079,NA,Open-field baseline,foulum_Rotation1MinRem_weatherBaselineopen,foulum,Rotation 1,1,Mineral fertiliser,Residue Removed,weatherBaselineopen,Baseline,No change,0,0,Open field,TRUE
SIM0080,percent,Perturbation from VAPV 0-level,foulum_Rotation1MinRem_weatherRad30dwnCenter,foulum,Rotation 1,1,Mineral fertiliser,Residue Removed,weatherRad30dwnCenter,Radiation,Decrease,30,-30,Center,FALSE
SIM0081,percent,Perturbation from VAPV 0-level,foulum_Rotation1MinRem_weatherRad20dwnCenter,foulum,Rotation 1,1,Mineral fertiliser,Residue Removed,weatherRad20dwnCenter,Radiation,Decrease,20,-20,Center,FALSE
SIM0082,percent,Perturbation from VAPV 0-level,foulum_Rotation1MinRem_weatherRad10dwnCenter,foulum,Rotation 1,1,Mineral fertiliser,Residue Removed,weatherRad10dwnCenter,Radiation,Decrease,10,-10,Center,FALSE
SIM0083,percent,Perturbation from VAPV 0-level,foulum_Rotation1MinRem_weatherRad5dwnCenter,foulum,Rotation 1,1,Mineral fertiliser,Residue Removed,weatherRad5dwnCenter,Radiation,Decrease,5,-5,Center,FALSE
SIM0084,percent,VAPV 0-level (modelled microclimate),foulum_Rotation1MinRem_weatherRad0Center,foulum,Rotation 1,1,Mineral fertiliser,Residue Removed,weatherRad0Center,Radiation,No change,0,0,Center,FALSE
SIM0085,percent,VAPV 0-level (modelled microclimate),foulum_Rotation1MinRem_weatherRad0East,foulum,Rotation 1,1,Mineral fertiliser,Residue Removed,weatherRad0East,Radiation,No change,0,0,East,FALSE
SIM0086,percent,VAPV 0-level (modelled microclimate),foulum_Rotation1MinRem_weatherRad0West,foulum,Rotation 1,1,Mineral fertiliser,Residue Removed,weatherRad0West,Radiation,No change,0,0,West,FALSE
SIM0087,degC,Perturbation from VAPV 0-level,foulum_Rotation1MinRem_weatherTmp3dwnCenter,foulum,Rotation 1,1,Mineral fertiliser,Residue Removed,weatherTmp3dwnCenter,Temperature,Decrease,3,-3,Center,FALSE
SIM0088,degC,Perturbation from VAPV 0-level,foulum_Rotation1MinRem_weatherTmp2dwnCenter,foulum,Rotation 1,1,Mineral fertiliser,Residue Removed,weatherTmp2dwnCenter,Temperature,Decrease,2,-2,Center,FALSE
SIM0089,degC,VAPV 0-level (modelled microclimate),foulum_Rotation1MinRem_weatherTmp0Center,foulum,Rotation 1,1,Mineral fertiliser,Residue Removed,weatherTmp0Center,Temperature,No change,0,0,Center,FALSE
SIM0090,degC,VAPV 0-level (modelled microclimate),foulum_Rotation1MinRem_weatherTmp0East,foulum,Rotation 1,1,Mineral fertiliser,Residue Removed,weatherTmp0East,Temperature,No change,0,0,East,FALSE
SIM0091,degC,VAPV 0-level (modelled microclimate),foulum_Rotation1MinRem_weatherTmp0West,foulum,Rotation 1,1,Mineral fertiliser,Residue Removed,weatherTmp0West,Temperature,No change,0,0,West,FALSE
SIM0092,degC,Perturbation from VAPV 0-level,foulum_Rotation1MinRem_weatherTmp0p5upCenter,foulum,Rotation 1,1,Mineral fertiliser,Residue Removed,weatherTmp0p5upCenter,Temperature,Increase,0.5,0.5,Center,FALSE
SIM0093,degC,Perturbation from VAPV 0-level,foulum_Rotation1MinRem_weatherTmp1upCenter,foulum,Rotation 1,1,Mineral fertiliser,Residue Removed,weatherTmp1upCenter,Temperature,Increase,1,1,Center,FALSE
SIM0094,degC,Perturbation from VAPV 0-level,foulum_Rotation1MinRem_weatherTmp2upCenter,foulum,Rotation 1,1,Mineral fertiliser,Residue Removed,weatherTmp2upCenter,Temperature,Increase,2,2,Center,FALSE
SIM0095,degC,Perturbation from VAPV 0-level,foulum_Rotation1MinRem_weatherTmp3upCenter,foulum,Rotation 1,1,Mineral fertiliser,Residue Removed,weatherTmp3upCenter,Temperature,Increase,3,3,Center,FALSE
SIM0096,percent,Perturbation from VAPV 0-level,foulum_Rotation1MinRem_weatherWin70dwnCenter,foulum,Rotation 1,1,Mineral fertiliser,Residue Removed,weatherWin70dwnCenter,Wind,Decrease,70,-70,Center,FALSE
SIM0097,percent,Perturbation from VAPV 0-level,foulum_Rotation1MinRem_weatherWin60dwnCenter,foulum,Rotation 1,1,Mineral fertiliser,Residue Removed,weatherWin60dwnCenter,Wind,Decrease,60,-60,Center,FALSE
SIM0098,percent,Perturbation from VAPV 0-level,foulum_Rotation1MinRem_weatherWin50dwnCenter,foulum,Rotation 1,1,Mineral fertiliser,Residue Removed,weatherWin50dwnCenter,Wind,Decrease,50,-50,Center,FALSE
SIM0099,percent,Perturbation from VAPV 0-level,foulum_Rotation1MinRem_weatherWin40dwnCenter,foulum,Rotation 1,1,Mineral fertiliser,Residue Removed,weatherWin40dwnCenter,Wind,Decrease,40,-40,Center,FALSE
SIM0100,percent,Perturbation from VAPV 0-level,foulum_Rotation1MinRem_weatherWin30dwnCenter,foulum,Rotation 1,1,Mineral fertiliser,Residue Removed,weatherWin30dwnCenter,Wind,Decrease,30,-30,Center,FALSE
SIM0101,percent,Perturbation from VAPV 0-level,foulum_Rotation1MinRem_weatherWin20dwnCenter,foulum,Rotation 1,1,Mineral fertiliser,Residue Removed,weatherWin20dwnCenter,Wind,Decrease,20,-20,Center,FALSE
SIM0102,percent,VAPV 0-level (modelled microclimate),foulum_Rotation1MinRem_weatherWin0Center,foulum,Rotation 1,1,Mineral fertiliser,Residue Removed,weatherWin0Center,Wind,No change,0,0,Center,FALSE
SIM0103,percent,VAPV 0-level (modelled microclimate),foulum_Rotation1MinRem_weatherWin0East,foulum,Rotation 1,1,Mineral fertiliser,Residue Removed,weatherWin0East,Wind,No change,0,0,East,FALSE
SIM0104,percent,VAPV 0-level (modelled microclimate),foulum_Rotation1MinRem_weatherWin0West,foulum,Rotation 1,1,Mineral fertiliser,Residue Removed,weatherWin0West,Wind,No change,0,0,West,FALSE
SIM0105,NA,Open-field baseline,foulum_Rotation1MinRet_weatherBaselineopen,foulum,Rotation 1,1,Mineral fertiliser,Residue Retained,weatherBaselineopen,Baseline,No change,0,0,Open field,TRUE
SIM0106,percent,Perturbation from VAPV 0-level,foulum_Rotation1MinRet_weatherRad30dwnCenter,foulum,Rotation 1,1,Mineral fertiliser,Residue Retained,weatherRad30dwnCenter,Radiation,Decrease,30,-30,Center,FALSE
SIM0107,percent,Perturbation from VAPV 0-level,foulum_Rotation1MinRet_weatherRad20dwnCenter,foulum,Rotation 1,1,Mineral fertiliser,Residue Retained,weatherRad20dwnCenter,Radiation,Decrease,20,-20,Center,FALSE
SIM0108,percent,Perturbation from VAPV 0-level,foulum_Rotation1MinRet_weatherRad10dwnCenter,foulum,Rotation 1,1,Mineral fertiliser,Residue Retained,weatherRad10dwnCenter,Radiation,Decrease,10,-10,Center,FALSE
SIM0109,percent,Perturbation from VAPV 0-level,foulum_Rotation1MinRet_weatherRad5dwnCenter,foulum,Rotation 1,1,Mineral fertiliser,Residue Retained,weatherRad5dwnCenter,Radiation,Decrease,5,-5,Center,FALSE
SIM0110,percent,VAPV 0-level (modelled microclimate),foulum_Rotation1MinRet_weatherRad0Center,foulum,Rotation 1,1,Mineral fertiliser,Residue Retained,weatherRad0Center,Radiation,No change,0,0,Center,FALSE
SIM0111,percent,VAPV 0-level (modelled microclimate),foulum_Rotation1MinRet_weatherRad0East,foulum,Rotation 1,1,Mineral fertiliser,Residue Retained,weatherRad0East,Radiation,No change,0,0,East,FALSE
SIM0112,percent,VAPV 0-level (modelled microclimate),foulum_Rotation1MinRet_weatherRad0West,foulum,Rotation 1,1,Mineral fertiliser,Residue Retained,weatherRad0West,Radiation,No change,0,0,West,FALSE
SIM0113,degC,Perturbation from VAPV 0-level,foulum_Rotation1MinRet_weatherTmp3dwnCenter,foulum,Rotation 1,1,Mineral fertiliser,Residue Retained,weatherTmp3dwnCenter,Temperature,Decrease,3,-3,Center,FALSE
SIM0114,degC,Perturbation from VAPV 0-level,foulum_Rotation1MinRet_weatherTmp2dwnCenter,foulum,Rotation 1,1,Mineral fertiliser,Residue Retained,weatherTmp2dwnCenter,Temperature,Decrease,2,-2,Center,FALSE
SIM0115,degC,VAPV 0-level (modelled microclimate),foulum_Rotation1MinRet_weatherTmp0Center,foulum,Rotation 1,1,Mineral fertiliser,Residue Retained,weatherTmp0Center,Temperature,No change,0,0,Center,FALSE
SIM0116,degC,VAPV 0-level (modelled microclimate),foulum_Rotation1MinRet_weatherTmp0East,foulum,Rotation 1,1,Mineral fertiliser,Residue Retained,weatherTmp0East,Temperature,No change,0,0,East,FALSE
SIM0117,degC,VAPV 0-level (modelled microclimate),foulum_Rotation1MinRet_weatherTmp0West,foulum,Rotation 1,1,Mineral fertiliser,Residue Retained,weatherTmp0West,Temperature,No change,0,0,West,FALSE
SIM0118,degC,Perturbation from VAPV 0-level,foulum_Rotation1MinRet_weatherTmp0p5upCenter,foulum,Rotation 1,1,Mineral fertiliser,Residue Retained,weatherTmp0p5upCenter,Temperature,Increase,0.5,0.5,Center,FALSE
SIM0119,degC,Perturbation from VAPV 0-level,foulum_Rotation1MinRet_weatherTmp1upCenter,foulum,Rotation 1,1,Mineral fertiliser,Residue Retained,weatherTmp1upCenter,Temperature,Increase,1,1,Center,FALSE
SIM0120,degC,Perturbation from VAPV 0-level,foulum_Rotation1MinRet_weatherTmp2upCenter,foulum,Rotation 1,1,Mineral fertiliser,Residue Retained,weatherTmp2upCenter,Temperature,Increase,2,2,Center,FALSE
SIM0121,degC,Perturbation from VAPV 0-level,foulum_Rotation1MinRet_weatherTmp3upCenter,foulum,Rotation 1,1,Mineral fertiliser,Residue Retained,weatherTmp3upCenter,Temperature,Increase,3,3,Center,FALSE
SIM0122,percent,Perturbation from VAPV 0-level,foulum_Rotation1MinRet_weatherWin70dwnCenter,foulum,Rotation 1,1,Mineral fertiliser,Residue Retained,weatherWin70dwnCenter,Wind,Decrease,70,-70,Center,FALSE
SIM0123,percent,Perturbation from VAPV 0-level,foulum_Rotation1MinRet_weatherWin60dwnCenter,foulum,Rotation 1,1,Mineral fertiliser,Residue Retained,weatherWin60dwnCenter,Wind,Decrease,60,-60,Center,FALSE
SIM0124,percent,Perturbation from VAPV 0-level,foulum_Rotation1MinRet_weatherWin50dwnCenter,foulum,Rotation 1,1,Mineral fertiliser,Residue Retained,weatherWin50dwnCenter,Wind,Decrease,50,-50,Center,FALSE
SIM0125,percent,Perturbation from VAPV 0-level,foulum_Rotation1MinRet_weatherWin40dwnCenter,foulum,Rotation 1,1,Mineral fertiliser,Residue Retained,weatherWin40dwnCenter,Wind,Decrease,40,-40,Center,FALSE
SIM0126,percent,Perturbation from VAPV 0-level,foulum_Rotation1MinRet_weatherWin30dwnCenter,foulum,Rotation 1,1,Mineral fertiliser,Residue Retained,weatherWin30dwnCenter,Wind,Decrease,30,-30,Center,FALSE
SIM0127,percent,Perturbation from VAPV 0-level,foulum_Rotation1MinRet_weatherWin20dwnCenter,foulum,Rotation 1,1,Mineral fertiliser,Residue Retained,weatherWin20dwnCenter,Wind,Decrease,20,-20,Center,FALSE
SIM0128,percent,VAPV 0-level (modelled microclimate),foulum_Rotation1MinRet_weatherWin0Center,foulum,Rotation 1,1,Mineral fertiliser,Residue Retained,weatherWin0Center,Wind,No change,0,0,Center,FALSE
SIM0129,percent,VAPV 0-level (modelled microclimate),foulum_Rotation1MinRet_weatherWin0East,foulum,Rotation 1,1,Mineral fertiliser,Residue Retained,weatherWin0East,Wind,No change,0,0,East,FALSE
SIM0130,percent,VAPV 0-level (modelled microclimate),foulum_Rotation1MinRet_weatherWin0West,foulum,Rotation 1,1,Mineral fertiliser,Residue Retained,weatherWin0West,Wind,No change,0,0,West,FALSE
SIM0131,NA,Open-field baseline,foulum_Rotation2DigRem_weatherBaselineopen,foulum,Rotation 2,2,Biogas digestate,Residue Removed,weatherBaselineopen,Baseline,No change,0,0,Open field,TRUE
SIM0132,percent,Perturbation from VAPV 0-level,foulum_Rotation2DigRem_weatherRad30dwnCenter,foulum,Rotation 2,2,Biogas digestate,Residue Removed,weatherRad30dwnCenter,Radiation,Decrease,30,-30,Center,FALSE
SIM0133,percent,Perturbation from VAPV 0-level,foulum_Rotation2DigRem_weatherRad20dwnCenter,foulum,Rotation 2,2,Biogas digestate,Residue Removed,weatherRad20dwnCenter,Radiation,Decrease,20,-20,Center,FALSE
SIM0134,percent,Perturbation from VAPV 0-level,foulum_Rotation2DigRem_weatherRad10dwnCenter,foulum,Rotation 2,2,Biogas digestate,Residue Removed,weatherRad10dwnCenter,Radiation,Decrease,10,-10,Center,FALSE
SIM0135,percent,Perturbation from VAPV 0-level,foulum_Rotation2DigRem_weatherRad5dwnCenter,foulum,Rotation 2,2,Biogas digestate,Residue Removed,weatherRad5dwnCenter,Radiation,Decrease,5,-5,Center,FALSE
SIM0136,percent,VAPV 0-level (modelled microclimate),foulum_Rotation2DigRem_weatherRad0Center,foulum,Rotation 2,2,Biogas digestate,Residue Removed,weatherRad0Center,Radiation,No change,0,0,Center,FALSE
SIM0137,percent,VAPV 0-level (modelled microclimate),foulum_Rotation2DigRem_weatherRad0East,foulum,Rotation 2,2,Biogas digestate,Residue Removed,weatherRad0East,Radiation,No change,0,0,East,FALSE
SIM0138,percent,VAPV 0-level (modelled microclimate),foulum_Rotation2DigRem_weatherRad0West,foulum,Rotation 2,2,Biogas digestate,Residue Removed,weatherRad0West,Radiation,No change,0,0,West,FALSE
SIM0139,degC,Perturbation from VAPV 0-level,foulum_Rotation2DigRem_weatherTmp3dwnCenter,foulum,Rotation 2,2,Biogas digestate,Residue Removed,weatherTmp3dwnCenter,Temperature,Decrease,3,-3,Center,FALSE
SIM0140,degC,Perturbation from VAPV 0-level,foulum_Rotation2DigRem_weatherTmp2dwnCenter,foulum,Rotation 2,2,Biogas digestate,Residue Removed,weatherTmp2dwnCenter,Temperature,Decrease,2,-2,Center,FALSE
SIM0141,degC,VAPV 0-level (modelled microclimate),foulum_Rotation2DigRem_weatherTmp0Center,foulum,Rotation 2,2,Biogas digestate,Residue Removed,weatherTmp0Center,Temperature,No change,0,0,Center,FALSE
SIM0142,degC,VAPV 0-level (modelled microclimate),foulum_Rotation2DigRem_weatherTmp0East,foulum,Rotation 2,2,Biogas digestate,Residue Removed,weatherTmp0East,Temperature,No change,0,0,East,FALSE
SIM0143,degC,VAPV 0-level (modelled microclimate),foulum_Rotation2DigRem_weatherTmp0West,foulum,Rotation 2,2,Biogas digestate,Residue Removed,weatherTmp0West,Temperature,No change,0,0,West,FALSE
SIM0144,degC,Perturbation from VAPV 0-level,foulum_Rotation2DigRem_weatherTmp0p5upCenter,foulum,Rotation 2,2,Biogas digestate,Residue Removed,weatherTmp0p5upCenter,Temperature,Increase,0.5,0.5,Center,FALSE
SIM0145,degC,Perturbation from VAPV 0-level,foulum_Rotation2DigRem_weatherTmp1upCenter,foulum,Rotation 2,2,Biogas digestate,Residue Removed,weatherTmp1upCenter,Temperature,Increase,1,1,Center,FALSE
SIM0146,degC,Perturbation from VAPV 0-level,foulum_Rotation2DigRem_weatherTmp2upCenter,foulum,Rotation 2,2,Biogas digestate,Residue Removed,weatherTmp2upCenter,Temperature,Increase,2,2,Center,FALSE
SIM0147,degC,Perturbation from VAPV 0-level,foulum_Rotation2DigRem_weatherTmp3upCenter,foulum,Rotation 2,2,Biogas digestate,Residue Removed,weatherTmp3upCenter,Temperature,Increase,3,3,Center,FALSE
SIM0148,percent,Perturbation from VAPV 0-level,foulum_Rotation2DigRem_weatherWin70dwnCenter,foulum,Rotation 2,2,Biogas digestate,Residue Removed,weatherWin70dwnCenter,Wind,Decrease,70,-70,Center,FALSE
SIM0149,percent,Perturbation from VAPV 0-level,foulum_Rotation2DigRem_weatherWin60dwnCenter,foulum,Rotation 2,2,Biogas digestate,Residue Removed,weatherWin60dwnCenter,Wind,Decrease,60,-60,Center,FALSE
SIM0150,percent,Perturbation from VAPV 0-level,foulum_Rotation2DigRem_weatherWin50dwnCenter,foulum,Rotation 2,2,Biogas digestate,Residue Removed,weatherWin50dwnCenter,Wind,Decrease,50,-50,Center,FALSE
SIM0151,percent,Perturbation from VAPV 0-level,foulum_Rotation2DigRem_weatherWin40dwnCenter,foulum,Rotation 2,2,Biogas digestate,Residue Removed,weatherWin40dwnCenter,Wind,Decrease,40,-40,Center,FALSE
SIM0152,percent,Perturbation from VAPV 0-level,foulum_Rotation2DigRem_weatherWin30dwnCenter,foulum,Rotation 2,2,Biogas digestate,Residue Removed,weatherWin30dwnCenter,Wind,Decrease,30,-30,Center,FALSE
SIM0153,percent,Perturbation from VAPV 0-level,foulum_Rotation2DigRem_weatherWin20dwnCenter,foulum,Rotation 2,2,Biogas digestate,Residue Removed,weatherWin20dwnCenter,Wind,Decrease,20,-20,Center,FALSE
SIM0154,percent,VAPV 0-level (modelled microclimate),foulum_Rotation2DigRem_weatherWin0Center,foulum,Rotation 2,2,Biogas digestate,Residue Removed,weatherWin0Center,Wind,No change,0,0,Center,FALSE
SIM0155,percent,VAPV 0-level (modelled microclimate),foulum_Rotation2DigRem_weatherWin0East,foulum,Rotation 2,2,Biogas digestate,Residue Removed,weatherWin0East,Wind,No change,0,0,East,FALSE
SIM0156,percent,VAPV 0-level (modelled microclimate),foulum_Rotation2DigRem_weatherWin0West,foulum,Rotation 2,2,Biogas digestate,Residue Removed,weatherWin0West,Wind,No change,0,0,West,FALSE
SIM0157,NA,Open-field baseline,foulum_Rotation2DigRet_weatherBaselineopen,foulum,Rotation 2,2,Biogas digestate,Residue Retained,weatherBaselineopen,Baseline,No change,0,0,Open field,TRUE
SIM0158,percent,Perturbation from VAPV 0-level,foulum_Rotation2DigRet_weatherRad30dwnCenter,foulum,Rotation 2,2,Biogas digestate,Residue Retained,weatherRad30dwnCenter,Radiation,Decrease,30,-30,Center,FALSE
SIM0159,percent,Perturbation from VAPV 0-level,foulum_Rotation2DigRet_weatherRad20dwnCenter,foulum,Rotation 2,2,Biogas digestate,Residue Retained,weatherRad20dwnCenter,Radiation,Decrease,20,-20,Center,FALSE
SIM0160,percent,Perturbation from VAPV 0-level,foulum_Rotation2DigRet_weatherRad10dwnCenter,foulum,Rotation 2,2,Biogas digestate,Residue Retained,weatherRad10dwnCenter,Radiation,Decrease,10,-10,Center,FALSE
SIM0161,percent,Perturbation from VAPV 0-level,foulum_Rotation2DigRet_weatherRad5dwnCenter,foulum,Rotation 2,2,Biogas digestate,Residue Retained,weatherRad5dwnCenter,Radiation,Decrease,5,-5,Center,FALSE
SIM0162,percent,VAPV 0-level (modelled microclimate),foulum_Rotation2DigRet_weatherRad0Center,foulum,Rotation 2,2,Biogas digestate,Residue Retained,weatherRad0Center,Radiation,No change,0,0,Center,FALSE
SIM0163,percent,VAPV 0-level (modelled microclimate),foulum_Rotation2DigRet_weatherRad0East,foulum,Rotation 2,2,Biogas digestate,Residue Retained,weatherRad0East,Radiation,No change,0,0,East,FALSE
SIM0164,percent,VAPV 0-level (modelled microclimate),foulum_Rotation2DigRet_weatherRad0West,foulum,Rotation 2,2,Biogas digestate,Residue Retained,weatherRad0West,Radiation,No change,0,0,West,FALSE
SIM0165,degC,Perturbation from VAPV 0-level,foulum_Rotation2DigRet_weatherTmp3dwnCenter,foulum,Rotation 2,2,Biogas digestate,Residue Retained,weatherTmp3dwnCenter,Temperature,Decrease,3,-3,Center,FALSE
SIM0166,degC,Perturbation from VAPV 0-level,foulum_Rotation2DigRet_weatherTmp2dwnCenter,foulum,Rotation 2,2,Biogas digestate,Residue Retained,weatherTmp2dwnCenter,Temperature,Decrease,2,-2,Center,FALSE
SIM0167,degC,VAPV 0-level (modelled microclimate),foulum_Rotation2DigRet_weatherTmp0Center,foulum,Rotation 2,2,Biogas digestate,Residue Retained,weatherTmp0Center,Temperature,No change,0,0,Center,FALSE
SIM0168,degC,VAPV 0-level (modelled microclimate),foulum_Rotation2DigRet_weatherTmp0East,foulum,Rotation 2,2,Biogas digestate,Residue Retained,weatherTmp0East,Temperature,No change,0,0,East,FALSE
SIM0169,degC,VAPV 0-level (modelled microclimate),foulum_Rotation2DigRet_weatherTmp0West,foulum,Rotation 2,2,Biogas digestate,Residue Retained,weatherTmp0West,Temperature,No change,0,0,West,FALSE
SIM0170,degC,Perturbation from VAPV 0-level,foulum_Rotation2DigRet_weatherTmp0p5upCenter,foulum,Rotation 2,2,Biogas digestate,Residue Retained,weatherTmp0p5upCenter,Temperature,Increase,0.5,0.5,Center,FALSE
SIM0171,degC,Perturbation from VAPV 0-level,foulum_Rotation2DigRet_weatherTmp1upCenter,foulum,Rotation 2,2,Biogas digestate,Residue Retained,weatherTmp1upCenter,Temperature,Increase,1,1,Center,FALSE
SIM0172,degC,Perturbation from VAPV 0-level,foulum_Rotation2DigRet_weatherTmp2upCenter,foulum,Rotation 2,2,Biogas digestate,Residue Retained,weatherTmp2upCenter,Temperature,Increase,2,2,Center,FALSE
SIM0173,degC,Perturbation from VAPV 0-level,foulum_Rotation2DigRet_weatherTmp3upCenter,foulum,Rotation 2,2,Biogas digestate,Residue Retained,weatherTmp3upCenter,Temperature,Increase,3,3,Center,FALSE
SIM0174,percent,Perturbation from VAPV 0-level,foulum_Rotation2DigRet_weatherWin70dwnCenter,foulum,Rotation 2,2,Biogas digestate,Residue Retained,weatherWin70dwnCenter,Wind,Decrease,70,-70,Center,FALSE
SIM0175,percent,Perturbation from VAPV 0-level,foulum_Rotation2DigRet_weatherWin60dwnCenter,foulum,Rotation 2,2,Biogas digestate,Residue Retained,weatherWin60dwnCenter,Wind,Decrease,60,-60,Center,FALSE
SIM0176,percent,Perturbation from VAPV 0-level,foulum_Rotation2DigRet_weatherWin50dwnCenter,foulum,Rotation 2,2,Biogas digestate,Residue Retained,weatherWin50dwnCenter,Wind,Decrease,50,-50,Center,FALSE
SIM0177,percent,Perturbation from VAPV 0-level,foulum_Rotation2DigRet_weatherWin40dwnCenter,foulum,Rotation 2,2,Biogas digestate,Residue Retained,weatherWin40dwnCenter,Wind,Decrease,40,-40,Center,FALSE
SIM0178,percent,Perturbation from VAPV 0-level,foulum_Rotation2DigRet_weatherWin30dwnCenter,foulum,Rotation 2,2,Biogas digestate,Residue Retained,weatherWin30dwnCenter,Wind,Decrease,30,-30,Center,FALSE
SIM0179,percent,Perturbation from VAPV 0-level,foulum_Rotation2DigRet_weatherWin20dwnCenter,foulum,Rotation 2,2,Biogas digestate,Residue Retained,weatherWin20dwnCenter,Wind,Decrease,20,-20,Center,FALSE
SIM0180,percent,VAPV 0-level (modelled microclimate),foulum_Rotation2DigRet_weatherWin0Center,foulum,Rotation 2,2,Biogas digestate,Residue Retained,weatherWin0Center,Wind,No change,0,0,Center,FALSE
SIM0181,percent,VAPV 0-level (modelled microclimate),foulum_Rotation2DigRet_weatherWin0East,foulum,Rotation 2,2,Biogas digestate,Residue Retained,weatherWin0East,Wind,No change,0,0,East,FALSE
SIM0182,percent,VAPV 0-level (modelled microclimate),foulum_Rotation2DigRet_weatherWin0West,foulum,Rotation 2,2,Biogas digestate,Residue Retained,weatherWin0West,Wind,No change,0,0,West,FALSE
SIM0183,NA,Open-field baseline,foulum_Rotation2MinRem_weatherBaselineopen,foulum,Rotation 2,2,Mineral fertiliser,Residue Removed,weatherBaselineopen,Baseline,No change,0,0,Open field,TRUE
SIM0184,percent,Perturbation from VAPV 0-level,foulum_Rotation2MinRem_weatherRad30dwnCenter,foulum,Rotation 2,2,Mineral fertiliser,Residue Removed,weatherRad30dwnCenter,Radiation,Decrease,30,-30,Center,FALSE
SIM0185,percent,Perturbation from VAPV 0-level,foulum_Rotation2MinRem_weatherRad20dwnCenter,foulum,Rotation 2,2,Mineral fertiliser,Residue Removed,weatherRad20dwnCenter,Radiation,Decrease,20,-20,Center,FALSE
SIM0186,percent,Perturbation from VAPV 0-level,foulum_Rotation2MinRem_weatherRad10dwnCenter,foulum,Rotation 2,2,Mineral fertiliser,Residue Removed,weatherRad10dwnCenter,Radiation,Decrease,10,-10,Center,FALSE
SIM0187,percent,Perturbation from VAPV 0-level,foulum_Rotation2MinRem_weatherRad5dwnCenter,foulum,Rotation 2,2,Mineral fertiliser,Residue Removed,weatherRad5dwnCenter,Radiation,Decrease,5,-5,Center,FALSE
SIM0188,percent,VAPV 0-level (modelled microclimate),foulum_Rotation2MinRem_weatherRad0Center,foulum,Rotation 2,2,Mineral fertiliser,Residue Removed,weatherRad0Center,Radiation,No change,0,0,Center,FALSE
SIM0189,percent,VAPV 0-level (modelled microclimate),foulum_Rotation2MinRem_weatherRad0East,foulum,Rotation 2,2,Mineral fertiliser,Residue Removed,weatherRad0East,Radiation,No change,0,0,East,FALSE
SIM0190,percent,VAPV 0-level (modelled microclimate),foulum_Rotation2MinRem_weatherRad0West,foulum,Rotation 2,2,Mineral fertiliser,Residue Removed,weatherRad0West,Radiation,No change,0,0,West,FALSE
SIM0191,degC,Perturbation from VAPV 0-level,foulum_Rotation2MinRem_weatherTmp3dwnCenter,foulum,Rotation 2,2,Mineral fertiliser,Residue Removed,weatherTmp3dwnCenter,Temperature,Decrease,3,-3,Center,FALSE
SIM0192,degC,Perturbation from VAPV 0-level,foulum_Rotation2MinRem_weatherTmp2dwnCenter,foulum,Rotation 2,2,Mineral fertiliser,Residue Removed,weatherTmp2dwnCenter,Temperature,Decrease,2,-2,Center,FALSE
SIM0193,degC,VAPV 0-level (modelled microclimate),foulum_Rotation2MinRem_weatherTmp0Center,foulum,Rotation 2,2,Mineral fertiliser,Residue Removed,weatherTmp0Center,Temperature,No change,0,0,Center,FALSE
SIM0194,degC,VAPV 0-level (modelled microclimate),foulum_Rotation2MinRem_weatherTmp0East,foulum,Rotation 2,2,Mineral fertiliser,Residue Removed,weatherTmp0East,Temperature,No change,0,0,East,FALSE
SIM0195,degC,VAPV 0-level (modelled microclimate),foulum_Rotation2MinRem_weatherTmp0West,foulum,Rotation 2,2,Mineral fertiliser,Residue Removed,weatherTmp0West,Temperature,No change,0,0,West,FALSE
SIM0196,degC,Perturbation from VAPV 0-level,foulum_Rotation2MinRem_weatherTmp0p5upCenter,foulum,Rotation 2,2,Mineral fertiliser,Residue Removed,weatherTmp0p5upCenter,Temperature,Increase,0.5,0.5,Center,FALSE
SIM0197,degC,Perturbation from VAPV 0-level,foulum_Rotation2MinRem_weatherTmp1upCenter,foulum,Rotation 2,2,Mineral fertiliser,Residue Removed,weatherTmp1upCenter,Temperature,Increase,1,1,Center,FALSE
SIM0198,degC,Perturbation from VAPV 0-level,foulum_Rotation2MinRem_weatherTmp2upCenter,foulum,Rotation 2,2,Mineral fertiliser,Residue Removed,weatherTmp2upCenter,Temperature,Increase,2,2,Center,FALSE
SIM0199,degC,Perturbation from VAPV 0-level,foulum_Rotation2MinRem_weatherTmp3upCenter,foulum,Rotation 2,2,Mineral fertiliser,Residue Removed,weatherTmp3upCenter,Temperature,Increase,3,3,Center,FALSE
SIM0200,percent,Perturbation from VAPV 0-level,foulum_Rotation2MinRem_weatherWin70dwnCenter,foulum,Rotation 2,2,Mineral fertiliser,Residue Removed,weatherWin70dwnCenter,Wind,Decrease,70,-70,Center,FALSE
SIM0201,percent,Perturbation from VAPV 0-level,foulum_Rotation2MinRem_weatherWin60dwnCenter,foulum,Rotation 2,2,Mineral fertiliser,Residue Removed,weatherWin60dwnCenter,Wind,Decrease,60,-60,Center,FALSE
SIM0202,percent,Perturbation from VAPV 0-level,foulum_Rotation2MinRem_weatherWin50dwnCenter,foulum,Rotation 2,2,Mineral fertiliser,Residue Removed,weatherWin50dwnCenter,Wind,Decrease,50,-50,Center,FALSE
SIM0203,percent,Perturbation from VAPV 0-level,foulum_Rotation2MinRem_weatherWin40dwnCenter,foulum,Rotation 2,2,Mineral fertiliser,Residue Removed,weatherWin40dwnCenter,Wind,Decrease,40,-40,Center,FALSE
SIM0204,percent,Perturbation from VAPV 0-level,foulum_Rotation2MinRem_weatherWin30dwnCenter,foulum,Rotation 2,2,Mineral fertiliser,Residue Removed,weatherWin30dwnCenter,Wind,Decrease,30,-30,Center,FALSE
SIM0205,percent,Perturbation from VAPV 0-level,foulum_Rotation2MinRem_weatherWin20dwnCenter,foulum,Rotation 2,2,Mineral fertiliser,Residue Removed,weatherWin20dwnCenter,Wind,Decrease,20,-20,Center,FALSE
SIM0206,percent,VAPV 0-level (modelled microclimate),foulum_Rotation2MinRem_weatherWin0Center,foulum,Rotation 2,2,Mineral fertiliser,Residue Removed,weatherWin0Center,Wind,No change,0,0,Center,FALSE
SIM0207,percent,VAPV 0-level (modelled microclimate),foulum_Rotation2MinRem_weatherWin0East,foulum,Rotation 2,2,Mineral fertiliser,Residue Removed,weatherWin0East,Wind,No change,0,0,East,FALSE
SIM0208,percent,VAPV 0-level (modelled microclimate),foulum_Rotation2MinRem_weatherWin0West,foulum,Rotation 2,2,Mineral fertiliser,Residue Removed,weatherWin0West,Wind,No change,0,0,West,FALSE
SIM0209,NA,Open-field baseline,foulum_Rotation2MinRet_weatherBaselineopen,foulum,Rotation 2,2,Mineral fertiliser,Residue Retained,weatherBaselineopen,Baseline,No change,0,0,Open field,TRUE
SIM0210,percent,Perturbation from VAPV 0-level,foulum_Rotation2MinRet_weatherRad30dwnCenter,foulum,Rotation 2,2,Mineral fertiliser,Residue Retained,weatherRad30dwnCenter,Radiation,Decrease,30,-30,Center,FALSE
SIM0211,percent,Perturbation from VAPV 0-level,foulum_Rotation2MinRet_weatherRad20dwnCenter,foulum,Rotation 2,2,Mineral fertiliser,Residue Retained,weatherRad20dwnCenter,Radiation,Decrease,20,-20,Center,FALSE
SIM0212,percent,Perturbation from VAPV 0-level,foulum_Rotation2MinRet_weatherRad10dwnCenter,foulum,Rotation 2,2,Mineral fertiliser,Residue Retained,weatherRad10dwnCenter,Radiation,Decrease,10,-10,Center,FALSE
SIM0213,percent,Perturbation from VAPV 0-level,foulum_Rotation2MinRet_weatherRad5dwnCenter,foulum,Rotation 2,2,Mineral fertiliser,Residue Retained,weatherRad5dwnCenter,Radiation,Decrease,5,-5,Center,FALSE
SIM0214,percent,VAPV 0-level (modelled microclimate),foulum_Rotation2MinRet_weatherRad0Center,foulum,Rotation 2,2,Mineral fertiliser,Residue Retained,weatherRad0Center,Radiation,No change,0,0,Center,FALSE
SIM0215,percent,VAPV 0-level (modelled microclimate),foulum_Rotation2MinRet_weatherRad0East,foulum,Rotation 2,2,Mineral fertiliser,Residue Retained,weatherRad0East,Radiation,No change,0,0,East,FALSE
SIM0216,percent,VAPV 0-level (modelled microclimate),foulum_Rotation2MinRet_weatherRad0West,foulum,Rotation 2,2,Mineral fertiliser,Residue Retained,weatherRad0West,Radiation,No change,0,0,West,FALSE
SIM0217,degC,Perturbation from VAPV 0-level,foulum_Rotation2MinRet_weatherTmp3dwnCenter,foulum,Rotation 2,2,Mineral fertiliser,Residue Retained,weatherTmp3dwnCenter,Temperature,Decrease,3,-3,Center,FALSE
SIM0218,degC,Perturbation from VAPV 0-level,foulum_Rotation2MinRet_weatherTmp2dwnCenter,foulum,Rotation 2,2,Mineral fertiliser,Residue Retained,weatherTmp2dwnCenter,Temperature,Decrease,2,-2,Center,FALSE
SIM0219,degC,VAPV 0-level (modelled microclimate),foulum_Rotation2MinRet_weatherTmp0Center,foulum,Rotation 2,2,Mineral fertiliser,Residue Retained,weatherTmp0Center,Temperature,No change,0,0,Center,FALSE
SIM0220,degC,VAPV 0-level (modelled microclimate),foulum_Rotation2MinRet_weatherTmp0East,foulum,Rotation 2,2,Mineral fertiliser,Residue Retained,weatherTmp0East,Temperature,No change,0,0,East,FALSE
SIM0221,degC,VAPV 0-level (modelled microclimate),foulum_Rotation2MinRet_weatherTmp0West,foulum,Rotation 2,2,Mineral fertiliser,Residue Retained,weatherTmp0West,Temperature,No change,0,0,West,FALSE
SIM0222,degC,Perturbation from VAPV 0-level,foulum_Rotation2MinRet_weatherTmp0p5upCenter,foulum,Rotation 2,2,Mineral fertiliser,Residue Retained,weatherTmp0p5upCenter,Temperature,Increase,0.5,0.5,Center,FALSE
SIM0223,degC,Perturbation from VAPV 0-level,foulum_Rotation2MinRet_weatherTmp1upCenter,foulum,Rotation 2,2,Mineral fertiliser,Residue Retained,weatherTmp1upCenter,Temperature,Increase,1,1,Center,FALSE
SIM0224,degC,Perturbation from VAPV 0-level,foulum_Rotation2MinRet_weatherTmp2upCenter,foulum,Rotation 2,2,Mineral fertiliser,Residue Retained,weatherTmp2upCenter,Temperature,Increase,2,2,Center,FALSE
SIM0225,degC,Perturbation from VAPV 0-level,foulum_Rotation2MinRet_weatherTmp3upCenter,foulum,Rotation 2,2,Mineral fertiliser,Residue Retained,weatherTmp3upCenter,Temperature,Increase,3,3,Center,FALSE
SIM0226,percent,Perturbation from VAPV 0-level,foulum_Rotation2MinRet_weatherWin70dwnCenter,foulum,Rotation 2,2,Mineral fertiliser,Residue Retained,weatherWin70dwnCenter,Wind,Decrease,70,-70,Center,FALSE
SIM0227,percent,Perturbation from VAPV 0-level,foulum_Rotation2MinRet_weatherWin60dwnCenter,foulum,Rotation 2,2,Mineral fertiliser,Residue Retained,weatherWin60dwnCenter,Wind,Decrease,60,-60,Center,FALSE
SIM0228,percent,Perturbation from VAPV 0-level,foulum_Rotation2MinRet_weatherWin50dwnCenter,foulum,Rotation 2,2,Mineral fertiliser,Residue Retained,weatherWin50dwnCenter,Wind,Decrease,50,-50,Center,FALSE
SIM0229,percent,Perturbation from VAPV 0-level,foulum_Rotation2MinRet_weatherWin40dwnCenter,foulum,Rotation 2,2,Mineral fertiliser,Residue Retained,weatherWin40dwnCenter,Wind,Decrease,40,-40,Center,FALSE
SIM0230,percent,Perturbation from VAPV 0-level,foulum_Rotation2MinRet_weatherWin30dwnCenter,foulum,Rotation 2,2,Mineral fertiliser,Residue Retained,weatherWin30dwnCenter,Wind,Decrease,30,-30,Center,FALSE
SIM0231,percent,Perturbation from VAPV 0-level,foulum_Rotation2MinRet_weatherWin20dwnCenter,foulum,Rotation 2,2,Mineral fertiliser,Residue Retained,weatherWin20dwnCenter,Wind,Decrease,20,-20,Center,FALSE
SIM0232,percent,VAPV 0-level (modelled microclimate),foulum_Rotation2MinRet_weatherWin0Center,foulum,Rotation 2,2,Mineral fertiliser,Residue Retained,weatherWin0Center,Wind,No change,0,0,Center,FALSE
SIM0233,percent,VAPV 0-level (modelled microclimate),foulum_Rotation2MinRet_weatherWin0East,foulum,Rotation 2,2,Mineral fertiliser,Residue Retained,weatherWin0East,Wind,No change,0,0,East,FALSE
SIM0234,percent,VAPV 0-level (modelled microclimate),foulum_Rotation2MinRet_weatherWin0West,foulum,Rotation 2,2,Mineral fertiliser,Residue Retained,weatherWin0West,Wind,No change,0,0,West,FALSE
SIM0235,NA,Open-field baseline,foulum_Rotation3DigRem_weatherBaselineopen,foulum,Rotation 3,3,Biogas digestate,Residue Removed,weatherBaselineopen,Baseline,No change,0,0,Open field,TRUE
SIM0236,percent,Perturbation from VAPV 0-level,foulum_Rotation3DigRem_weatherRad30dwnCenter,foulum,Rotation 3,3,Biogas digestate,Residue Removed,weatherRad30dwnCenter,Radiation,Decrease,30,-30,Center,FALSE
SIM0237,percent,Perturbation from VAPV 0-level,foulum_Rotation3DigRem_weatherRad20dwnCenter,foulum,Rotation 3,3,Biogas digestate,Residue Removed,weatherRad20dwnCenter,Radiation,Decrease,20,-20,Center,FALSE
SIM0238,percent,Perturbation from VAPV 0-level,foulum_Rotation3DigRem_weatherRad10dwnCenter,foulum,Rotation 3,3,Biogas digestate,Residue Removed,weatherRad10dwnCenter,Radiation,Decrease,10,-10,Center,FALSE
SIM0239,percent,Perturbation from VAPV 0-level,foulum_Rotation3DigRem_weatherRad5dwnCenter,foulum,Rotation 3,3,Biogas digestate,Residue Removed,weatherRad5dwnCenter,Radiation,Decrease,5,-5,Center,FALSE
SIM0240,percent,VAPV 0-level (modelled microclimate),foulum_Rotation3DigRem_weatherRad0Center,foulum,Rotation 3,3,Biogas digestate,Residue Removed,weatherRad0Center,Radiation,No change,0,0,Center,FALSE
SIM0241,percent,VAPV 0-level (modelled microclimate),foulum_Rotation3DigRem_weatherRad0East,foulum,Rotation 3,3,Biogas digestate,Residue Removed,weatherRad0East,Radiation,No change,0,0,East,FALSE
SIM0242,percent,VAPV 0-level (modelled microclimate),foulum_Rotation3DigRem_weatherRad0West,foulum,Rotation 3,3,Biogas digestate,Residue Removed,weatherRad0West,Radiation,No change,0,0,West,FALSE
SIM0243,degC,Perturbation from VAPV 0-level,foulum_Rotation3DigRem_weatherTmp3dwnCenter,foulum,Rotation 3,3,Biogas digestate,Residue Removed,weatherTmp3dwnCenter,Temperature,Decrease,3,-3,Center,FALSE
SIM0244,degC,Perturbation from VAPV 0-level,foulum_Rotation3DigRem_weatherTmp2dwnCenter,foulum,Rotation 3,3,Biogas digestate,Residue Removed,weatherTmp2dwnCenter,Temperature,Decrease,2,-2,Center,FALSE
SIM0245,degC,VAPV 0-level (modelled microclimate),foulum_Rotation3DigRem_weatherTmp0Center,foulum,Rotation 3,3,Biogas digestate,Residue Removed,weatherTmp0Center,Temperature,No change,0,0,Center,FALSE
SIM0246,degC,VAPV 0-level (modelled microclimate),foulum_Rotation3DigRem_weatherTmp0East,foulum,Rotation 3,3,Biogas digestate,Residue Removed,weatherTmp0East,Temperature,No change,0,0,East,FALSE
SIM0247,degC,VAPV 0-level (modelled microclimate),foulum_Rotation3DigRem_weatherTmp0West,foulum,Rotation 3,3,Biogas digestate,Residue Removed,weatherTmp0West,Temperature,No change,0,0,West,FALSE
SIM0248,degC,Perturbation from VAPV 0-level,foulum_Rotation3DigRem_weatherTmp0p5upCenter,foulum,Rotation 3,3,Biogas digestate,Residue Removed,weatherTmp0p5upCenter,Temperature,Increase,0.5,0.5,Center,FALSE
SIM0249,degC,Perturbation from VAPV 0-level,foulum_Rotation3DigRem_weatherTmp1upCenter,foulum,Rotation 3,3,Biogas digestate,Residue Removed,weatherTmp1upCenter,Temperature,Increase,1,1,Center,FALSE
SIM0250,degC,Perturbation from VAPV 0-level,foulum_Rotation3DigRem_weatherTmp2upCenter,foulum,Rotation 3,3,Biogas digestate,Residue Removed,weatherTmp2upCenter,Temperature,Increase,2,2,Center,FALSE
SIM0251,degC,Perturbation from VAPV 0-level,foulum_Rotation3DigRem_weatherTmp3upCenter,foulum,Rotation 3,3,Biogas digestate,Residue Removed,weatherTmp3upCenter,Temperature,Increase,3,3,Center,FALSE
SIM0252,percent,Perturbation from VAPV 0-level,foulum_Rotation3DigRem_weatherWin70dwnCenter,foulum,Rotation 3,3,Biogas digestate,Residue Removed,weatherWin70dwnCenter,Wind,Decrease,70,-70,Center,FALSE
SIM0253,percent,Perturbation from VAPV 0-level,foulum_Rotation3DigRem_weatherWin60dwnCenter,foulum,Rotation 3,3,Biogas digestate,Residue Removed,weatherWin60dwnCenter,Wind,Decrease,60,-60,Center,FALSE
SIM0254,percent,Perturbation from VAPV 0-level,foulum_Rotation3DigRem_weatherWin50dwnCenter,foulum,Rotation 3,3,Biogas digestate,Residue Removed,weatherWin50dwnCenter,Wind,Decrease,50,-50,Center,FALSE
SIM0255,percent,Perturbation from VAPV 0-level,foulum_Rotation3DigRem_weatherWin40dwnCenter,foulum,Rotation 3,3,Biogas digestate,Residue Removed,weatherWin40dwnCenter,Wind,Decrease,40,-40,Center,FALSE
SIM0256,percent,Perturbation from VAPV 0-level,foulum_Rotation3DigRem_weatherWin30dwnCenter,foulum,Rotation 3,3,Biogas digestate,Residue Removed,weatherWin30dwnCenter,Wind,Decrease,30,-30,Center,FALSE
SIM0257,percent,Perturbation from VAPV 0-level,foulum_Rotation3DigRem_weatherWin20dwnCenter,foulum,Rotation 3,3,Biogas digestate,Residue Removed,weatherWin20dwnCenter,Wind,Decrease,20,-20,Center,FALSE
SIM0258,percent,VAPV 0-level (modelled microclimate),foulum_Rotation3DigRem_weatherWin0Center,foulum,Rotation 3,3,Biogas digestate,Residue Removed,weatherWin0Center,Wind,No change,0,0,Center,FALSE
SIM0259,percent,VAPV 0-level (modelled microclimate),foulum_Rotation3DigRem_weatherWin0East,foulum,Rotation 3,3,Biogas digestate,Residue Removed,weatherWin0East,Wind,No change,0,0,East,FALSE
SIM0260,percent,VAPV 0-level (modelled microclimate),foulum_Rotation3DigRem_weatherWin0West,foulum,Rotation 3,3,Biogas digestate,Residue Removed,weatherWin0West,Wind,No change,0,0,West,FALSE
SIM0261,NA,Open-field baseline,foulum_Rotation3DigRet_weatherBaselineopen,foulum,Rotation 3,3,Biogas digestate,Residue Retained,weatherBaselineopen,Baseline,No change,0,0,Open field,TRUE
SIM0262,percent,Perturbation from VAPV 0-level,foulum_Rotation3DigRet_weatherRad30dwnCenter,foulum,Rotation 3,3,Biogas digestate,Residue Retained,weatherRad30dwnCenter,Radiation,Decrease,30,-30,Center,FALSE
SIM0263,percent,Perturbation from VAPV 0-level,foulum_Rotation3DigRet_weatherRad20dwnCenter,foulum,Rotation 3,3,Biogas digestate,Residue Retained,weatherRad20dwnCenter,Radiation,Decrease,20,-20,Center,FALSE
SIM0264,percent,Perturbation from VAPV 0-level,foulum_Rotation3DigRet_weatherRad10dwnCenter,foulum,Rotation 3,3,Biogas digestate,Residue Retained,weatherRad10dwnCenter,Radiation,Decrease,10,-10,Center,FALSE
SIM0265,percent,Perturbation from VAPV 0-level,foulum_Rotation3DigRet_weatherRad5dwnCenter,foulum,Rotation 3,3,Biogas digestate,Residue Retained,weatherRad5dwnCenter,Radiation,Decrease,5,-5,Center,FALSE
SIM0266,percent,VAPV 0-level (modelled microclimate),foulum_Rotation3DigRet_weatherRad0Center,foulum,Rotation 3,3,Biogas digestate,Residue Retained,weatherRad0Center,Radiation,No change,0,0,Center,FALSE
SIM0267,percent,VAPV 0-level (modelled microclimate),foulum_Rotation3DigRet_weatherRad0East,foulum,Rotation 3,3,Biogas digestate,Residue Retained,weatherRad0East,Radiation,No change,0,0,East,FALSE
SIM0268,percent,VAPV 0-level (modelled microclimate),foulum_Rotation3DigRet_weatherRad0West,foulum,Rotation 3,3,Biogas digestate,Residue Retained,weatherRad0West,Radiation,No change,0,0,West,FALSE
SIM0269,degC,Perturbation from VAPV 0-level,foulum_Rotation3DigRet_weatherTmp3dwnCenter,foulum,Rotation 3,3,Biogas digestate,Residue Retained,weatherTmp3dwnCenter,Temperature,Decrease,3,-3,Center,FALSE
SIM0270,degC,Perturbation from VAPV 0-level,foulum_Rotation3DigRet_weatherTmp2dwnCenter,foulum,Rotation 3,3,Biogas digestate,Residue Retained,weatherTmp2dwnCenter,Temperature,Decrease,2,-2,Center,FALSE
SIM0271,degC,VAPV 0-level (modelled microclimate),foulum_Rotation3DigRet_weatherTmp0Center,foulum,Rotation 3,3,Biogas digestate,Residue Retained,weatherTmp0Center,Temperature,No change,0,0,Center,FALSE
SIM0272,degC,VAPV 0-level (modelled microclimate),foulum_Rotation3DigRet_weatherTmp0East,foulum,Rotation 3,3,Biogas digestate,Residue Retained,weatherTmp0East,Temperature,No change,0,0,East,FALSE
SIM0273,degC,VAPV 0-level (modelled microclimate),foulum_Rotation3DigRet_weatherTmp0West,foulum,Rotation 3,3,Biogas digestate,Residue Retained,weatherTmp0West,Temperature,No change,0,0,West,FALSE
SIM0274,degC,Perturbation from VAPV 0-level,foulum_Rotation3DigRet_weatherTmp0p5upCenter,foulum,Rotation 3,3,Biogas digestate,Residue Retained,weatherTmp0p5upCenter,Temperature,Increase,0.5,0.5,Center,FALSE
SIM0275,degC,Perturbation from VAPV 0-level,foulum_Rotation3DigRet_weatherTmp1upCenter,foulum,Rotation 3,3,Biogas digestate,Residue Retained,weatherTmp1upCenter,Temperature,Increase,1,1,Center,FALSE
SIM0276,degC,Perturbation from VAPV 0-level,foulum_Rotation3DigRet_weatherTmp2upCenter,foulum,Rotation 3,3,Biogas digestate,Residue Retained,weatherTmp2upCenter,Temperature,Increase,2,2,Center,FALSE
SIM0277,degC,Perturbation from VAPV 0-level,foulum_Rotation3DigRet_weatherTmp3upCenter,foulum,Rotation 3,3,Biogas digestate,Residue Retained,weatherTmp3upCenter,Temperature,Increase,3,3,Center,FALSE
SIM0278,percent,Perturbation from VAPV 0-level,foulum_Rotation3DigRet_weatherWin70dwnCenter,foulum,Rotation 3,3,Biogas digestate,Residue Retained,weatherWin70dwnCenter,Wind,Decrease,70,-70,Center,FALSE
SIM0279,percent,Perturbation from VAPV 0-level,foulum_Rotation3DigRet_weatherWin60dwnCenter,foulum,Rotation 3,3,Biogas digestate,Residue Retained,weatherWin60dwnCenter,Wind,Decrease,60,-60,Center,FALSE
SIM0280,percent,Perturbation from VAPV 0-level,foulum_Rotation3DigRet_weatherWin50dwnCenter,foulum,Rotation 3,3,Biogas digestate,Residue Retained,weatherWin50dwnCenter,Wind,Decrease,50,-50,Center,FALSE
SIM0281,percent,Perturbation from VAPV 0-level,foulum_Rotation3DigRet_weatherWin40dwnCenter,foulum,Rotation 3,3,Biogas digestate,Residue Retained,weatherWin40dwnCenter,Wind,Decrease,40,-40,Center,FALSE
SIM0282,percent,Perturbation from VAPV 0-level,foulum_Rotation3DigRet_weatherWin30dwnCenter,foulum,Rotation 3,3,Biogas digestate,Residue Retained,weatherWin30dwnCenter,Wind,Decrease,30,-30,Center,FALSE
SIM0283,percent,Perturbation from VAPV 0-level,foulum_Rotation3DigRet_weatherWin20dwnCenter,foulum,Rotation 3,3,Biogas digestate,Residue Retained,weatherWin20dwnCenter,Wind,Decrease,20,-20,Center,FALSE
SIM0284,percent,VAPV 0-level (modelled microclimate),foulum_Rotation3DigRet_weatherWin0Center,foulum,Rotation 3,3,Biogas digestate,Residue Retained,weatherWin0Center,Wind,No change,0,0,Center,FALSE
SIM0285,percent,VAPV 0-level (modelled microclimate),foulum_Rotation3DigRet_weatherWin0East,foulum,Rotation 3,3,Biogas digestate,Residue Retained,weatherWin0East,Wind,No change,0,0,East,FALSE
SIM0286,percent,VAPV 0-level (modelled microclimate),foulum_Rotation3DigRet_weatherWin0West,foulum,Rotation 3,3,Biogas digestate,Residue Retained,weatherWin0West,Wind,No change,0,0,West,FALSE
SIM0287,NA,Open-field baseline,foulum_Rotation3MinRem_weatherBaselineopen,foulum,Rotation 3,3,Mineral fertiliser,Residue Removed,weatherBaselineopen,Baseline,No change,0,0,Open field,TRUE
SIM0288,percent,Perturbation from VAPV 0-level,foulum_Rotation3MinRem_weatherRad30dwnCenter,foulum,Rotation 3,3,Mineral fertiliser,Residue Removed,weatherRad30dwnCenter,Radiation,Decrease,30,-30,Center,FALSE
SIM0289,percent,Perturbation from VAPV 0-level,foulum_Rotation3MinRem_weatherRad20dwnCenter,foulum,Rotation 3,3,Mineral fertiliser,Residue Removed,weatherRad20dwnCenter,Radiation,Decrease,20,-20,Center,FALSE
SIM0290,percent,Perturbation from VAPV 0-level,foulum_Rotation3MinRem_weatherRad10dwnCenter,foulum,Rotation 3,3,Mineral fertiliser,Residue Removed,weatherRad10dwnCenter,Radiation,Decrease,10,-10,Center,FALSE
SIM0291,percent,Perturbation from VAPV 0-level,foulum_Rotation3MinRem_weatherRad5dwnCenter,foulum,Rotation 3,3,Mineral fertiliser,Residue Removed,weatherRad5dwnCenter,Radiation,Decrease,5,-5,Center,FALSE
SIM0292,percent,VAPV 0-level (modelled microclimate),foulum_Rotation3MinRem_weatherRad0Center,foulum,Rotation 3,3,Mineral fertiliser,Residue Removed,weatherRad0Center,Radiation,No change,0,0,Center,FALSE
SIM0293,percent,VAPV 0-level (modelled microclimate),foulum_Rotation3MinRem_weatherRad0East,foulum,Rotation 3,3,Mineral fertiliser,Residue Removed,weatherRad0East,Radiation,No change,0,0,East,FALSE
SIM0294,percent,VAPV 0-level (modelled microclimate),foulum_Rotation3MinRem_weatherRad0West,foulum,Rotation 3,3,Mineral fertiliser,Residue Removed,weatherRad0West,Radiation,No change,0,0,West,FALSE
SIM0295,degC,Perturbation from VAPV 0-level,foulum_Rotation3MinRem_weatherTmp3dwnCenter,foulum,Rotation 3,3,Mineral fertiliser,Residue Removed,weatherTmp3dwnCenter,Temperature,Decrease,3,-3,Center,FALSE
SIM0296,degC,Perturbation from VAPV 0-level,foulum_Rotation3MinRem_weatherTmp2dwnCenter,foulum,Rotation 3,3,Mineral fertiliser,Residue Removed,weatherTmp2dwnCenter,Temperature,Decrease,2,-2,Center,FALSE
SIM0297,degC,VAPV 0-level (modelled microclimate),foulum_Rotation3MinRem_weatherTmp0Center,foulum,Rotation 3,3,Mineral fertiliser,Residue Removed,weatherTmp0Center,Temperature,No change,0,0,Center,FALSE
SIM0298,degC,VAPV 0-level (modelled microclimate),foulum_Rotation3MinRem_weatherTmp0East,foulum,Rotation 3,3,Mineral fertiliser,Residue Removed,weatherTmp0East,Temperature,No change,0,0,East,FALSE
SIM0299,degC,VAPV 0-level (modelled microclimate),foulum_Rotation3MinRem_weatherTmp0West,foulum,Rotation 3,3,Mineral fertiliser,Residue Removed,weatherTmp0West,Temperature,No change,0,0,West,FALSE
SIM0300,degC,Perturbation from VAPV 0-level,foulum_Rotation3MinRem_weatherTmp0p5upCenter,foulum,Rotation 3,3,Mineral fertiliser,Residue Removed,weatherTmp0p5upCenter,Temperature,Increase,0.5,0.5,Center,FALSE
SIM0301,degC,Perturbation from VAPV 0-level,foulum_Rotation3MinRem_weatherTmp1upCenter,foulum,Rotation 3,3,Mineral fertiliser,Residue Removed,weatherTmp1upCenter,Temperature,Increase,1,1,Center,FALSE
SIM0302,degC,Perturbation from VAPV 0-level,foulum_Rotation3MinRem_weatherTmp2upCenter,foulum,Rotation 3,3,Mineral fertiliser,Residue Removed,weatherTmp2upCenter,Temperature,Increase,2,2,Center,FALSE
SIM0303,degC,Perturbation from VAPV 0-level,foulum_Rotation3MinRem_weatherTmp3upCenter,foulum,Rotation 3,3,Mineral fertiliser,Residue Removed,weatherTmp3upCenter,Temperature,Increase,3,3,Center,FALSE
SIM0304,percent,Perturbation from VAPV 0-level,foulum_Rotation3MinRem_weatherWin70dwnCenter,foulum,Rotation 3,3,Mineral fertiliser,Residue Removed,weatherWin70dwnCenter,Wind,Decrease,70,-70,Center,FALSE
SIM0305,percent,Perturbation from VAPV 0-level,foulum_Rotation3MinRem_weatherWin60dwnCenter,foulum,Rotation 3,3,Mineral fertiliser,Residue Removed,weatherWin60dwnCenter,Wind,Decrease,60,-60,Center,FALSE
SIM0306,percent,Perturbation from VAPV 0-level,foulum_Rotation3MinRem_weatherWin50dwnCenter,foulum,Rotation 3,3,Mineral fertiliser,Residue Removed,weatherWin50dwnCenter,Wind,Decrease,50,-50,Center,FALSE
SIM0307,percent,Perturbation from VAPV 0-level,foulum_Rotation3MinRem_weatherWin40dwnCenter,foulum,Rotation 3,3,Mineral fertiliser,Residue Removed,weatherWin40dwnCenter,Wind,Decrease,40,-40,Center,FALSE
SIM0308,percent,Perturbation from VAPV 0-level,foulum_Rotation3MinRem_weatherWin30dwnCenter,foulum,Rotation 3,3,Mineral fertiliser,Residue Removed,weatherWin30dwnCenter,Wind,Decrease,30,-30,Center,FALSE
SIM0309,percent,Perturbation from VAPV 0-level,foulum_Rotation3MinRem_weatherWin20dwnCenter,foulum,Rotation 3,3,Mineral fertiliser,Residue Removed,weatherWin20dwnCenter,Wind,Decrease,20,-20,Center,FALSE
SIM0310,percent,VAPV 0-level (modelled microclimate),foulum_Rotation3MinRem_weatherWin0Center,foulum,Rotation 3,3,Mineral fertiliser,Residue Removed,weatherWin0Center,Wind,No change,0,0,Center,FALSE
SIM0311,percent,VAPV 0-level (modelled microclimate),foulum_Rotation3MinRem_weatherWin0East,foulum,Rotation 3,3,Mineral fertiliser,Residue Removed,weatherWin0East,Wind,No change,0,0,East,FALSE
SIM0312,percent,VAPV 0-level (modelled microclimate),foulum_Rotation3MinRem_weatherWin0West,foulum,Rotation 3,3,Mineral fertiliser,Residue Removed,weatherWin0West,Wind,No change,0,0,West,FALSE
SIM0313,NA,Open-field baseline,foulum_Rotation3MinRet_weatherBaselineopen,foulum,Rotation 3,3,Mineral fertiliser,Residue Retained,weatherBaselineopen,Baseline,No change,0,0,Open field,TRUE
SIM0314,percent,Perturbation from VAPV 0-level,foulum_Rotation3MinRet_weatherRad30dwnCenter,foulum,Rotation 3,3,Mineral fertiliser,Residue Retained,weatherRad30dwnCenter,Radiation,Decrease,30,-30,Center,FALSE
SIM0315,percent,Perturbation from VAPV 0-level,foulum_Rotation3MinRet_weatherRad20dwnCenter,foulum,Rotation 3,3,Mineral fertiliser,Residue Retained,weatherRad20dwnCenter,Radiation,Decrease,20,-20,Center,FALSE
SIM0316,percent,Perturbation from VAPV 0-level,foulum_Rotation3MinRet_weatherRad10dwnCenter,foulum,Rotation 3,3,Mineral fertiliser,Residue Retained,weatherRad10dwnCenter,Radiation,Decrease,10,-10,Center,FALSE
SIM0317,percent,Perturbation from VAPV 0-level,foulum_Rotation3MinRet_weatherRad5dwnCenter,foulum,Rotation 3,3,Mineral fertiliser,Residue Retained,weatherRad5dwnCenter,Radiation,Decrease,5,-5,Center,FALSE
SIM0318,percent,VAPV 0-level (modelled microclimate),foulum_Rotation3MinRet_weatherRad0Center,foulum,Rotation 3,3,Mineral fertiliser,Residue Retained,weatherRad0Center,Radiation,No change,0,0,Center,FALSE
SIM0319,percent,VAPV 0-level (modelled microclimate),foulum_Rotation3MinRet_weatherRad0East,foulum,Rotation 3,3,Mineral fertiliser,Residue Retained,weatherRad0East,Radiation,No change,0,0,East,FALSE
SIM0320,percent,VAPV 0-level (modelled microclimate),foulum_Rotation3MinRet_weatherRad0West,foulum,Rotation 3,3,Mineral fertiliser,Residue Retained,weatherRad0West,Radiation,No change,0,0,West,FALSE
SIM0321,degC,Perturbation from VAPV 0-level,foulum_Rotation3MinRet_weatherTmp3dwnCenter,foulum,Rotation 3,3,Mineral fertiliser,Residue Retained,weatherTmp3dwnCenter,Temperature,Decrease,3,-3,Center,FALSE
SIM0322,degC,Perturbation from VAPV 0-level,foulum_Rotation3MinRet_weatherTmp2dwnCenter,foulum,Rotation 3,3,Mineral fertiliser,Residue Retained,weatherTmp2dwnCenter,Temperature,Decrease,2,-2,Center,FALSE
SIM0323,degC,VAPV 0-level (modelled microclimate),foulum_Rotation3MinRet_weatherTmp0Center,foulum,Rotation 3,3,Mineral fertiliser,Residue Retained,weatherTmp0Center,Temperature,No change,0,0,Center,FALSE
SIM0324,degC,VAPV 0-level (modelled microclimate),foulum_Rotation3MinRet_weatherTmp0East,foulum,Rotation 3,3,Mineral fertiliser,Residue Retained,weatherTmp0East,Temperature,No change,0,0,East,FALSE
SIM0325,degC,VAPV 0-level (modelled microclimate),foulum_Rotation3MinRet_weatherTmp0West,foulum,Rotation 3,3,Mineral fertiliser,Residue Retained,weatherTmp0West,Temperature,No change,0,0,West,FALSE
SIM0326,degC,Perturbation from VAPV 0-level,foulum_Rotation3MinRet_weatherTmp0p5upCenter,foulum,Rotation 3,3,Mineral fertiliser,Residue Retained,weatherTmp0p5upCenter,Temperature,Increase,0.5,0.5,Center,FALSE
SIM0327,degC,Perturbation from VAPV 0-level,foulum_Rotation3MinRet_weatherTmp1upCenter,foulum,Rotation 3,3,Mineral fertiliser,Residue Retained,weatherTmp1upCenter,Temperature,Increase,1,1,Center,FALSE
SIM0328,degC,Perturbation from VAPV 0-level,foulum_Rotation3MinRet_weatherTmp2upCenter,foulum,Rotation 3,3,Mineral fertiliser,Residue Retained,weatherTmp2upCenter,Temperature,Increase,2,2,Center,FALSE
SIM0329,degC,Perturbation from VAPV 0-level,foulum_Rotation3MinRet_weatherTmp3upCenter,foulum,Rotation 3,3,Mineral fertiliser,Residue Retained,weatherTmp3upCenter,Temperature,Increase,3,3,Center,FALSE
SIM0330,percent,Perturbation from VAPV 0-level,foulum_Rotation3MinRet_weatherWin70dwnCenter,foulum,Rotation 3,3,Mineral fertiliser,Residue Retained,weatherWin70dwnCenter,Wind,Decrease,70,-70,Center,FALSE
SIM0331,percent,Perturbation from VAPV 0-level,foulum_Rotation3MinRet_weatherWin60dwnCenter,foulum,Rotation 3,3,Mineral fertiliser,Residue Retained,weatherWin60dwnCenter,Wind,Decrease,60,-60,Center,FALSE
SIM0332,percent,Perturbation from VAPV 0-level,foulum_Rotation3MinRet_weatherWin50dwnCenter,foulum,Rotation 3,3,Mineral fertiliser,Residue Retained,weatherWin50dwnCenter,Wind,Decrease,50,-50,Center,FALSE
SIM0333,percent,Perturbation from VAPV 0-level,foulum_Rotation3MinRet_weatherWin40dwnCenter,foulum,Rotation 3,3,Mineral fertiliser,Residue Retained,weatherWin40dwnCenter,Wind,Decrease,40,-40,Center,FALSE
SIM0334,percent,Perturbation from VAPV 0-level,foulum_Rotation3MinRet_weatherWin30dwnCenter,foulum,Rotation 3,3,Mineral fertiliser,Residue Retained,weatherWin30dwnCenter,Wind,Decrease,30,-30,Center,FALSE
SIM0335,percent,Perturbation from VAPV 0-level,foulum_Rotation3MinRet_weatherWin20dwnCenter,foulum,Rotation 3,3,Mineral fertiliser,Residue Retained,weatherWin20dwnCenter,Wind,Decrease,20,-20,Center,FALSE
SIM0336,percent,VAPV 0-level (modelled microclimate),foulum_Rotation3MinRet_weatherWin0Center,foulum,Rotation 3,3,Mineral fertiliser,Residue Retained,weatherWin0Center,Wind,No change,0,0,Center,FALSE
SIM0337,percent,VAPV 0-level (modelled microclimate),foulum_Rotation3MinRet_weatherWin0East,foulum,Rotation 3,3,Mineral fertiliser,Residue Retained,weatherWin0East,Wind,No change,0,0,East,FALSE
SIM0338,percent,VAPV 0-level (modelled microclimate),foulum_Rotation3MinRet_weatherWin0West,foulum,Rotation 3,3,Mineral fertiliser,Residue Retained,weatherWin0West,Wind,No change,0,0,West,FALSE
SIM0339,NA,Open-field baseline,foulum_Rotation4DigRem_weatherBaselineopen,foulum,Rotation 4,4,Biogas digestate,Residue Removed,weatherBaselineopen,Baseline,No change,0,0,Open field,TRUE
SIM0340,percent,Perturbation from VAPV 0-level,foulum_Rotation4DigRem_weatherRad30dwnCenter,foulum,Rotation 4,4,Biogas digestate,Residue Removed,weatherRad30dwnCenter,Radiation,Decrease,30,-30,Center,FALSE
SIM0341,percent,Perturbation from VAPV 0-level,foulum_Rotation4DigRem_weatherRad20dwnCenter,foulum,Rotation 4,4,Biogas digestate,Residue Removed,weatherRad20dwnCenter,Radiation,Decrease,20,-20,Center,FALSE
SIM0342,percent,Perturbation from VAPV 0-level,foulum_Rotation4DigRem_weatherRad10dwnCenter,foulum,Rotation 4,4,Biogas digestate,Residue Removed,weatherRad10dwnCenter,Radiation,Decrease,10,-10,Center,FALSE
SIM0343,percent,Perturbation from VAPV 0-level,foulum_Rotation4DigRem_weatherRad5dwnCenter,foulum,Rotation 4,4,Biogas digestate,Residue Removed,weatherRad5dwnCenter,Radiation,Decrease,5,-5,Center,FALSE
SIM0344,percent,VAPV 0-level (modelled microclimate),foulum_Rotation4DigRem_weatherRad0Center,foulum,Rotation 4,4,Biogas digestate,Residue Removed,weatherRad0Center,Radiation,No change,0,0,Center,FALSE
SIM0345,percent,VAPV 0-level (modelled microclimate),foulum_Rotation4DigRem_weatherRad0East,foulum,Rotation 4,4,Biogas digestate,Residue Removed,weatherRad0East,Radiation,No change,0,0,East,FALSE
SIM0346,percent,VAPV 0-level (modelled microclimate),foulum_Rotation4DigRem_weatherRad0West,foulum,Rotation 4,4,Biogas digestate,Residue Removed,weatherRad0West,Radiation,No change,0,0,West,FALSE
SIM0347,degC,Perturbation from VAPV 0-level,foulum_Rotation4DigRem_weatherTmp3dwnCenter,foulum,Rotation 4,4,Biogas digestate,Residue Removed,weatherTmp3dwnCenter,Temperature,Decrease,3,-3,Center,FALSE
SIM0348,degC,Perturbation from VAPV 0-level,foulum_Rotation4DigRem_weatherTmp2dwnCenter,foulum,Rotation 4,4,Biogas digestate,Residue Removed,weatherTmp2dwnCenter,Temperature,Decrease,2,-2,Center,FALSE
SIM0349,degC,VAPV 0-level (modelled microclimate),foulum_Rotation4DigRem_weatherTmp0Center,foulum,Rotation 4,4,Biogas digestate,Residue Removed,weatherTmp0Center,Temperature,No change,0,0,Center,FALSE
SIM0350,degC,VAPV 0-level (modelled microclimate),foulum_Rotation4DigRem_weatherTmp0East,foulum,Rotation 4,4,Biogas digestate,Residue Removed,weatherTmp0East,Temperature,No change,0,0,East,FALSE
SIM0351,degC,VAPV 0-level (modelled microclimate),foulum_Rotation4DigRem_weatherTmp0West,foulum,Rotation 4,4,Biogas digestate,Residue Removed,weatherTmp0West,Temperature,No change,0,0,West,FALSE
SIM0352,degC,Perturbation from VAPV 0-level,foulum_Rotation4DigRem_weatherTmp0p5upCenter,foulum,Rotation 4,4,Biogas digestate,Residue Removed,weatherTmp0p5upCenter,Temperature,Increase,0.5,0.5,Center,FALSE
SIM0353,degC,Perturbation from VAPV 0-level,foulum_Rotation4DigRem_weatherTmp1upCenter,foulum,Rotation 4,4,Biogas digestate,Residue Removed,weatherTmp1upCenter,Temperature,Increase,1,1,Center,FALSE
SIM0354,degC,Perturbation from VAPV 0-level,foulum_Rotation4DigRem_weatherTmp2upCenter,foulum,Rotation 4,4,Biogas digestate,Residue Removed,weatherTmp2upCenter,Temperature,Increase,2,2,Center,FALSE
SIM0355,degC,Perturbation from VAPV 0-level,foulum_Rotation4DigRem_weatherTmp3upCenter,foulum,Rotation 4,4,Biogas digestate,Residue Removed,weatherTmp3upCenter,Temperature,Increase,3,3,Center,FALSE
SIM0356,percent,Perturbation from VAPV 0-level,foulum_Rotation4DigRem_weatherWin70dwnCenter,foulum,Rotation 4,4,Biogas digestate,Residue Removed,weatherWin70dwnCenter,Wind,Decrease,70,-70,Center,FALSE
SIM0357,percent,Perturbation from VAPV 0-level,foulum_Rotation4DigRem_weatherWin60dwnCenter,foulum,Rotation 4,4,Biogas digestate,Residue Removed,weatherWin60dwnCenter,Wind,Decrease,60,-60,Center,FALSE
SIM0358,percent,Perturbation from VAPV 0-level,foulum_Rotation4DigRem_weatherWin50dwnCenter,foulum,Rotation 4,4,Biogas digestate,Residue Removed,weatherWin50dwnCenter,Wind,Decrease,50,-50,Center,FALSE
SIM0359,percent,Perturbation from VAPV 0-level,foulum_Rotation4DigRem_weatherWin40dwnCenter,foulum,Rotation 4,4,Biogas digestate,Residue Removed,weatherWin40dwnCenter,Wind,Decrease,40,-40,Center,FALSE
SIM0360,percent,Perturbation from VAPV 0-level,foulum_Rotation4DigRem_weatherWin30dwnCenter,foulum,Rotation 4,4,Biogas digestate,Residue Removed,weatherWin30dwnCenter,Wind,Decrease,30,-30,Center,FALSE
SIM0361,percent,Perturbation from VAPV 0-level,foulum_Rotation4DigRem_weatherWin20dwnCenter,foulum,Rotation 4,4,Biogas digestate,Residue Removed,weatherWin20dwnCenter,Wind,Decrease,20,-20,Center,FALSE
SIM0362,percent,VAPV 0-level (modelled microclimate),foulum_Rotation4DigRem_weatherWin0Center,foulum,Rotation 4,4,Biogas digestate,Residue Removed,weatherWin0Center,Wind,No change,0,0,Center,FALSE
SIM0363,percent,VAPV 0-level (modelled microclimate),foulum_Rotation4DigRem_weatherWin0East,foulum,Rotation 4,4,Biogas digestate,Residue Removed,weatherWin0East,Wind,No change,0,0,East,FALSE
SIM0364,percent,VAPV 0-level (modelled microclimate),foulum_Rotation4DigRem_weatherWin0West,foulum,Rotation 4,4,Biogas digestate,Residue Removed,weatherWin0West,Wind,No change,0,0,West,FALSE
SIM0365,NA,Open-field baseline,foulum_Rotation4DigRet_weatherBaselineopen,foulum,Rotation 4,4,Biogas digestate,Residue Retained,weatherBaselineopen,Baseline,No change,0,0,Open field,TRUE
SIM0366,percent,Perturbation from VAPV 0-level,foulum_Rotation4DigRet_weatherRad30dwnCenter,foulum,Rotation 4,4,Biogas digestate,Residue Retained,weatherRad30dwnCenter,Radiation,Decrease,30,-30,Center,FALSE
SIM0367,percent,Perturbation from VAPV 0-level,foulum_Rotation4DigRet_weatherRad20dwnCenter,foulum,Rotation 4,4,Biogas digestate,Residue Retained,weatherRad20dwnCenter,Radiation,Decrease,20,-20,Center,FALSE
SIM0368,percent,Perturbation from VAPV 0-level,foulum_Rotation4DigRet_weatherRad10dwnCenter,foulum,Rotation 4,4,Biogas digestate,Residue Retained,weatherRad10dwnCenter,Radiation,Decrease,10,-10,Center,FALSE
SIM0369,percent,Perturbation from VAPV 0-level,foulum_Rotation4DigRet_weatherRad5dwnCenter,foulum,Rotation 4,4,Biogas digestate,Residue Retained,weatherRad5dwnCenter,Radiation,Decrease,5,-5,Center,FALSE
SIM0370,percent,VAPV 0-level (modelled microclimate),foulum_Rotation4DigRet_weatherRad0Center,foulum,Rotation 4,4,Biogas digestate,Residue Retained,weatherRad0Center,Radiation,No change,0,0,Center,FALSE
SIM0371,percent,VAPV 0-level (modelled microclimate),foulum_Rotation4DigRet_weatherRad0East,foulum,Rotation 4,4,Biogas digestate,Residue Retained,weatherRad0East,Radiation,No change,0,0,East,FALSE
SIM0372,percent,VAPV 0-level (modelled microclimate),foulum_Rotation4DigRet_weatherRad0West,foulum,Rotation 4,4,Biogas digestate,Residue Retained,weatherRad0West,Radiation,No change,0,0,West,FALSE
SIM0373,degC,Perturbation from VAPV 0-level,foulum_Rotation4DigRet_weatherTmp3dwnCenter,foulum,Rotation 4,4,Biogas digestate,Residue Retained,weatherTmp3dwnCenter,Temperature,Decrease,3,-3,Center,FALSE
SIM0374,degC,Perturbation from VAPV 0-level,foulum_Rotation4DigRet_weatherTmp2dwnCenter,foulum,Rotation 4,4,Biogas digestate,Residue Retained,weatherTmp2dwnCenter,Temperature,Decrease,2,-2,Center,FALSE
SIM0375,degC,VAPV 0-level (modelled microclimate),foulum_Rotation4DigRet_weatherTmp0Center,foulum,Rotation 4,4,Biogas digestate,Residue Retained,weatherTmp0Center,Temperature,No change,0,0,Center,FALSE
SIM0376,degC,VAPV 0-level (modelled microclimate),foulum_Rotation4DigRet_weatherTmp0East,foulum,Rotation 4,4,Biogas digestate,Residue Retained,weatherTmp0East,Temperature,No change,0,0,East,FALSE
SIM0377,degC,VAPV 0-level (modelled microclimate),foulum_Rotation4DigRet_weatherTmp0West,foulum,Rotation 4,4,Biogas digestate,Residue Retained,weatherTmp0West,Temperature,No change,0,0,West,FALSE
SIM0378,degC,Perturbation from VAPV 0-level,foulum_Rotation4DigRet_weatherTmp0p5upCenter,foulum,Rotation 4,4,Biogas digestate,Residue Retained,weatherTmp0p5upCenter,Temperature,Increase,0.5,0.5,Center,FALSE
SIM0379,degC,Perturbation from VAPV 0-level,foulum_Rotation4DigRet_weatherTmp1upCenter,foulum,Rotation 4,4,Biogas digestate,Residue Retained,weatherTmp1upCenter,Temperature,Increase,1,1,Center,FALSE
SIM0380,degC,Perturbation from VAPV 0-level,foulum_Rotation4DigRet_weatherTmp2upCenter,foulum,Rotation 4,4,Biogas digestate,Residue Retained,weatherTmp2upCenter,Temperature,Increase,2,2,Center,FALSE
SIM0381,degC,Perturbation from VAPV 0-level,foulum_Rotation4DigRet_weatherTmp3upCenter,foulum,Rotation 4,4,Biogas digestate,Residue Retained,weatherTmp3upCenter,Temperature,Increase,3,3,Center,FALSE
SIM0382,percent,Perturbation from VAPV 0-level,foulum_Rotation4DigRet_weatherWin70dwnCenter,foulum,Rotation 4,4,Biogas digestate,Residue Retained,weatherWin70dwnCenter,Wind,Decrease,70,-70,Center,FALSE
SIM0383,percent,Perturbation from VAPV 0-level,foulum_Rotation4DigRet_weatherWin60dwnCenter,foulum,Rotation 4,4,Biogas digestate,Residue Retained,weatherWin60dwnCenter,Wind,Decrease,60,-60,Center,FALSE
SIM0384,percent,Perturbation from VAPV 0-level,foulum_Rotation4DigRet_weatherWin50dwnCenter,foulum,Rotation 4,4,Biogas digestate,Residue Retained,weatherWin50dwnCenter,Wind,Decrease,50,-50,Center,FALSE
SIM0385,percent,Perturbation from VAPV 0-level,foulum_Rotation4DigRet_weatherWin40dwnCenter,foulum,Rotation 4,4,Biogas digestate,Residue Retained,weatherWin40dwnCenter,Wind,Decrease,40,-40,Center,FALSE
SIM0386,percent,Perturbation from VAPV 0-level,foulum_Rotation4DigRet_weatherWin30dwnCenter,foulum,Rotation 4,4,Biogas digestate,Residue Retained,weatherWin30dwnCenter,Wind,Decrease,30,-30,Center,FALSE
SIM0387,percent,Perturbation from VAPV 0-level,foulum_Rotation4DigRet_weatherWin20dwnCenter,foulum,Rotation 4,4,Biogas digestate,Residue Retained,weatherWin20dwnCenter,Wind,Decrease,20,-20,Center,FALSE
SIM0388,percent,VAPV 0-level (modelled microclimate),foulum_Rotation4DigRet_weatherWin0Center,foulum,Rotation 4,4,Biogas digestate,Residue Retained,weatherWin0Center,Wind,No change,0,0,Center,FALSE
SIM0389,percent,VAPV 0-level (modelled microclimate),foulum_Rotation4DigRet_weatherWin0East,foulum,Rotation 4,4,Biogas digestate,Residue Retained,weatherWin0East,Wind,No change,0,0,East,FALSE
SIM0390,percent,VAPV 0-level (modelled microclimate),foulum_Rotation4DigRet_weatherWin0West,foulum,Rotation 4,4,Biogas digestate,Residue Retained,weatherWin0West,Wind,No change,0,0,West,FALSE
SIM0391,NA,Open-field baseline,foulum_Rotation4MinRem_weatherBaselineopen,foulum,Rotation 4,4,Mineral fertiliser,Residue Removed,weatherBaselineopen,Baseline,No change,0,0,Open field,TRUE
SIM0392,percent,Perturbation from VAPV 0-level,foulum_Rotation4MinRem_weatherRad30dwnCenter,foulum,Rotation 4,4,Mineral fertiliser,Residue Removed,weatherRad30dwnCenter,Radiation,Decrease,30,-30,Center,FALSE
SIM0393,percent,Perturbation from VAPV 0-level,foulum_Rotation4MinRem_weatherRad20dwnCenter,foulum,Rotation 4,4,Mineral fertiliser,Residue Removed,weatherRad20dwnCenter,Radiation,Decrease,20,-20,Center,FALSE
SIM0394,percent,Perturbation from VAPV 0-level,foulum_Rotation4MinRem_weatherRad10dwnCenter,foulum,Rotation 4,4,Mineral fertiliser,Residue Removed,weatherRad10dwnCenter,Radiation,Decrease,10,-10,Center,FALSE
SIM0395,percent,Perturbation from VAPV 0-level,foulum_Rotation4MinRem_weatherRad5dwnCenter,foulum,Rotation 4,4,Mineral fertiliser,Residue Removed,weatherRad5dwnCenter,Radiation,Decrease,5,-5,Center,FALSE
SIM0396,percent,VAPV 0-level (modelled microclimate),foulum_Rotation4MinRem_weatherRad0Center,foulum,Rotation 4,4,Mineral fertiliser,Residue Removed,weatherRad0Center,Radiation,No change,0,0,Center,FALSE
SIM0397,percent,VAPV 0-level (modelled microclimate),foulum_Rotation4MinRem_weatherRad0East,foulum,Rotation 4,4,Mineral fertiliser,Residue Removed,weatherRad0East,Radiation,No change,0,0,East,FALSE
SIM0398,percent,VAPV 0-level (modelled microclimate),foulum_Rotation4MinRem_weatherRad0West,foulum,Rotation 4,4,Mineral fertiliser,Residue Removed,weatherRad0West,Radiation,No change,0,0,West,FALSE
SIM0399,degC,Perturbation from VAPV 0-level,foulum_Rotation4MinRem_weatherTmp3dwnCenter,foulum,Rotation 4,4,Mineral fertiliser,Residue Removed,weatherTmp3dwnCenter,Temperature,Decrease,3,-3,Center,FALSE
SIM0400,degC,Perturbation from VAPV 0-level,foulum_Rotation4MinRem_weatherTmp2dwnCenter,foulum,Rotation 4,4,Mineral fertiliser,Residue Removed,weatherTmp2dwnCenter,Temperature,Decrease,2,-2,Center,FALSE
SIM0401,degC,VAPV 0-level (modelled microclimate),foulum_Rotation4MinRem_weatherTmp0Center,foulum,Rotation 4,4,Mineral fertiliser,Residue Removed,weatherTmp0Center,Temperature,No change,0,0,Center,FALSE
SIM0402,degC,VAPV 0-level (modelled microclimate),foulum_Rotation4MinRem_weatherTmp0East,foulum,Rotation 4,4,Mineral fertiliser,Residue Removed,weatherTmp0East,Temperature,No change,0,0,East,FALSE
SIM0403,degC,VAPV 0-level (modelled microclimate),foulum_Rotation4MinRem_weatherTmp0West,foulum,Rotation 4,4,Mineral fertiliser,Residue Removed,weatherTmp0West,Temperature,No change,0,0,West,FALSE
SIM0404,degC,Perturbation from VAPV 0-level,foulum_Rotation4MinRem_weatherTmp0p5upCenter,foulum,Rotation 4,4,Mineral fertiliser,Residue Removed,weatherTmp0p5upCenter,Temperature,Increase,0.5,0.5,Center,FALSE
SIM0405,degC,Perturbation from VAPV 0-level,foulum_Rotation4MinRem_weatherTmp1upCenter,foulum,Rotation 4,4,Mineral fertiliser,Residue Removed,weatherTmp1upCenter,Temperature,Increase,1,1,Center,FALSE
SIM0406,degC,Perturbation from VAPV 0-level,foulum_Rotation4MinRem_weatherTmp2upCenter,foulum,Rotation 4,4,Mineral fertiliser,Residue Removed,weatherTmp2upCenter,Temperature,Increase,2,2,Center,FALSE
SIM0407,degC,Perturbation from VAPV 0-level,foulum_Rotation4MinRem_weatherTmp3upCenter,foulum,Rotation 4,4,Mineral fertiliser,Residue Removed,weatherTmp3upCenter,Temperature,Increase,3,3,Center,FALSE
SIM0408,percent,Perturbation from VAPV 0-level,foulum_Rotation4MinRem_weatherWin70dwnCenter,foulum,Rotation 4,4,Mineral fertiliser,Residue Removed,weatherWin70dwnCenter,Wind,Decrease,70,-70,Center,FALSE
SIM0409,percent,Perturbation from VAPV 0-level,foulum_Rotation4MinRem_weatherWin60dwnCenter,foulum,Rotation 4,4,Mineral fertiliser,Residue Removed,weatherWin60dwnCenter,Wind,Decrease,60,-60,Center,FALSE
SIM0410,percent,Perturbation from VAPV 0-level,foulum_Rotation4MinRem_weatherWin50dwnCenter,foulum,Rotation 4,4,Mineral fertiliser,Residue Removed,weatherWin50dwnCenter,Wind,Decrease,50,-50,Center,FALSE
SIM0411,percent,Perturbation from VAPV 0-level,foulum_Rotation4MinRem_weatherWin40dwnCenter,foulum,Rotation 4,4,Mineral fertiliser,Residue Removed,weatherWin40dwnCenter,Wind,Decrease,40,-40,Center,FALSE
SIM0412,percent,Perturbation from VAPV 0-level,foulum_Rotation4MinRem_weatherWin30dwnCenter,foulum,Rotation 4,4,Mineral fertiliser,Residue Removed,weatherWin30dwnCenter,Wind,Decrease,30,-30,Center,FALSE
SIM0413,percent,Perturbation from VAPV 0-level,foulum_Rotation4MinRem_weatherWin20dwnCenter,foulum,Rotation 4,4,Mineral fertiliser,Residue Removed,weatherWin20dwnCenter,Wind,Decrease,20,-20,Center,FALSE
SIM0414,percent,VAPV 0-level (modelled microclimate),foulum_Rotation4MinRem_weatherWin0Center,foulum,Rotation 4,4,Mineral fertiliser,Residue Removed,weatherWin0Center,Wind,No change,0,0,Center,FALSE
SIM0415,percent,VAPV 0-level (modelled microclimate),foulum_Rotation4MinRem_weatherWin0East,foulum,Rotation 4,4,Mineral fertiliser,Residue Removed,weatherWin0East,Wind,No change,0,0,East,FALSE
SIM0416,percent,VAPV 0-level (modelled microclimate),foulum_Rotation4MinRem_weatherWin0West,foulum,Rotation 4,4,Mineral fertiliser,Residue Removed,weatherWin0West,Wind,No change,0,0,West,FALSE
SIM0417,NA,Open-field baseline,foulum_Rotation4MinRet_weatherBaselineopen,foulum,Rotation 4,4,Mineral fertiliser,Residue Retained,weatherBaselineopen,Baseline,No change,0,0,Open field,TRUE
SIM0418,percent,Perturbation from VAPV 0-level,foulum_Rotation4MinRet_weatherRad30dwnCenter,foulum,Rotation 4,4,Mineral fertiliser,Residue Retained,weatherRad30dwnCenter,Radiation,Decrease,30,-30,Center,FALSE
SIM0419,percent,Perturbation from VAPV 0-level,foulum_Rotation4MinRet_weatherRad20dwnCenter,foulum,Rotation 4,4,Mineral fertiliser,Residue Retained,weatherRad20dwnCenter,Radiation,Decrease,20,-20,Center,FALSE
SIM0420,percent,Perturbation from VAPV 0-level,foulum_Rotation4MinRet_weatherRad10dwnCenter,foulum,Rotation 4,4,Mineral fertiliser,Residue Retained,weatherRad10dwnCenter,Radiation,Decrease,10,-10,Center,FALSE
SIM0421,percent,Perturbation from VAPV 0-level,foulum_Rotation4MinRet_weatherRad5dwnCenter,foulum,Rotation 4,4,Mineral fertiliser,Residue Retained,weatherRad5dwnCenter,Radiation,Decrease,5,-5,Center,FALSE
SIM0422,percent,VAPV 0-level (modelled microclimate),foulum_Rotation4MinRet_weatherRad0Center,foulum,Rotation 4,4,Mineral fertiliser,Residue Retained,weatherRad0Center,Radiation,No change,0,0,Center,FALSE
SIM0423,percent,VAPV 0-level (modelled microclimate),foulum_Rotation4MinRet_weatherRad0East,foulum,Rotation 4,4,Mineral fertiliser,Residue Retained,weatherRad0East,Radiation,No change,0,0,East,FALSE
SIM0424,percent,VAPV 0-level (modelled microclimate),foulum_Rotation4MinRet_weatherRad0West,foulum,Rotation 4,4,Mineral fertiliser,Residue Retained,weatherRad0West,Radiation,No change,0,0,West,FALSE
SIM0425,degC,Perturbation from VAPV 0-level,foulum_Rotation4MinRet_weatherTmp3dwnCenter,foulum,Rotation 4,4,Mineral fertiliser,Residue Retained,weatherTmp3dwnCenter,Temperature,Decrease,3,-3,Center,FALSE
SIM0426,degC,Perturbation from VAPV 0-level,foulum_Rotation4MinRet_weatherTmp2dwnCenter,foulum,Rotation 4,4,Mineral fertiliser,Residue Retained,weatherTmp2dwnCenter,Temperature,Decrease,2,-2,Center,FALSE
SIM0427,degC,VAPV 0-level (modelled microclimate),foulum_Rotation4MinRet_weatherTmp0Center,foulum,Rotation 4,4,Mineral fertiliser,Residue Retained,weatherTmp0Center,Temperature,No change,0,0,Center,FALSE
SIM0428,degC,VAPV 0-level (modelled microclimate),foulum_Rotation4MinRet_weatherTmp0East,foulum,Rotation 4,4,Mineral fertiliser,Residue Retained,weatherTmp0East,Temperature,No change,0,0,East,FALSE
SIM0429,degC,VAPV 0-level (modelled microclimate),foulum_Rotation4MinRet_weatherTmp0West,foulum,Rotation 4,4,Mineral fertiliser,Residue Retained,weatherTmp0West,Temperature,No change,0,0,West,FALSE
SIM0430,degC,Perturbation from VAPV 0-level,foulum_Rotation4MinRet_weatherTmp0p5upCenter,foulum,Rotation 4,4,Mineral fertiliser,Residue Retained,weatherTmp0p5upCenter,Temperature,Increase,0.5,0.5,Center,FALSE
SIM0431,degC,Perturbation from VAPV 0-level,foulum_Rotation4MinRet_weatherTmp1upCenter,foulum,Rotation 4,4,Mineral fertiliser,Residue Retained,weatherTmp1upCenter,Temperature,Increase,1,1,Center,FALSE
SIM0432,degC,Perturbation from VAPV 0-level,foulum_Rotation4MinRet_weatherTmp2upCenter,foulum,Rotation 4,4,Mineral fertiliser,Residue Retained,weatherTmp2upCenter,Temperature,Increase,2,2,Center,FALSE
SIM0433,degC,Perturbation from VAPV 0-level,foulum_Rotation4MinRet_weatherTmp3upCenter,foulum,Rotation 4,4,Mineral fertiliser,Residue Retained,weatherTmp3upCenter,Temperature,Increase,3,3,Center,FALSE
SIM0434,percent,Perturbation from VAPV 0-level,foulum_Rotation4MinRet_weatherWin70dwnCenter,foulum,Rotation 4,4,Mineral fertiliser,Residue Retained,weatherWin70dwnCenter,Wind,Decrease,70,-70,Center,FALSE
SIM0435,percent,Perturbation from VAPV 0-level,foulum_Rotation4MinRet_weatherWin60dwnCenter,foulum,Rotation 4,4,Mineral fertiliser,Residue Retained,weatherWin60dwnCenter,Wind,Decrease,60,-60,Center,FALSE
SIM0436,percent,Perturbation from VAPV 0-level,foulum_Rotation4MinRet_weatherWin50dwnCenter,foulum,Rotation 4,4,Mineral fertiliser,Residue Retained,weatherWin50dwnCenter,Wind,Decrease,50,-50,Center,FALSE
SIM0437,percent,Perturbation from VAPV 0-level,foulum_Rotation4MinRet_weatherWin40dwnCenter,foulum,Rotation 4,4,Mineral fertiliser,Residue Retained,weatherWin40dwnCenter,Wind,Decrease,40,-40,Center,FALSE
SIM0438,percent,Perturbation from VAPV 0-level,foulum_Rotation4MinRet_weatherWin30dwnCenter,foulum,Rotation 4,4,Mineral fertiliser,Residue Retained,weatherWin30dwnCenter,Wind,Decrease,30,-30,Center,FALSE
SIM0439,percent,Perturbation from VAPV 0-level,foulum_Rotation4MinRet_weatherWin20dwnCenter,foulum,Rotation 4,4,Mineral fertiliser,Residue Retained,weatherWin20dwnCenter,Wind,Decrease,20,-20,Center,FALSE
SIM0440,percent,VAPV 0-level (modelled microclimate),foulum_Rotation4MinRet_weatherWin0Center,foulum,Rotation 4,4,Mineral fertiliser,Residue Retained,weatherWin0Center,Wind,No change,0,0,Center,FALSE
SIM0441,percent,VAPV 0-level (modelled microclimate),foulum_Rotation4MinRet_weatherWin0East,foulum,Rotation 4,4,Mineral fertiliser,Residue Retained,weatherWin0East,Wind,No change,0,0,East,FALSE
SIM0442,percent,VAPV 0-level (modelled microclimate),foulum_Rotation4MinRet_weatherWin0West,foulum,Rotation 4,4,Mineral fertiliser,Residue Retained,weatherWin0West,Wind,No change,0,0,West,FALSE
SIM0443,NA,Open-field baseline,foulum_RotationCMin_weatherBaselineopen,foulum,Rotation C,C,Mineral fertiliser,NA,weatherBaselineopen,Baseline,No change,0,0,Open field,TRUE
SIM0444,percent,Perturbation from VAPV 0-level,foulum_RotationCMin_weatherRad30dwnCenter,foulum,Rotation C,C,Mineral fertiliser,NA,weatherRad30dwnCenter,Radiation,Decrease,30,-30,Center,FALSE
SIM0445,percent,Perturbation from VAPV 0-level,foulum_RotationCMin_weatherRad20dwnCenter,foulum,Rotation C,C,Mineral fertiliser,NA,weatherRad20dwnCenter,Radiation,Decrease,20,-20,Center,FALSE
SIM0446,percent,Perturbation from VAPV 0-level,foulum_RotationCMin_weatherRad10dwnCenter,foulum,Rotation C,C,Mineral fertiliser,NA,weatherRad10dwnCenter,Radiation,Decrease,10,-10,Center,FALSE
SIM0447,percent,Perturbation from VAPV 0-level,foulum_RotationCMin_weatherRad5dwnCenter,foulum,Rotation C,C,Mineral fertiliser,NA,weatherRad5dwnCenter,Radiation,Decrease,5,-5,Center,FALSE
SIM0448,percent,VAPV 0-level (modelled microclimate),foulum_RotationCMin_weatherRad0Center,foulum,Rotation C,C,Mineral fertiliser,NA,weatherRad0Center,Radiation,No change,0,0,Center,FALSE
SIM0449,percent,VAPV 0-level (modelled microclimate),foulum_RotationCMin_weatherRad0East,foulum,Rotation C,C,Mineral fertiliser,NA,weatherRad0East,Radiation,No change,0,0,East,FALSE
SIM0450,percent,VAPV 0-level (modelled microclimate),foulum_RotationCMin_weatherRad0West,foulum,Rotation C,C,Mineral fertiliser,NA,weatherRad0West,Radiation,No change,0,0,West,FALSE
SIM0451,degC,Perturbation from VAPV 0-level,foulum_RotationCMin_weatherTmp3dwnCenter,foulum,Rotation C,C,Mineral fertiliser,NA,weatherTmp3dwnCenter,Temperature,Decrease,3,-3,Center,FALSE
SIM0452,degC,Perturbation from VAPV 0-level,foulum_RotationCMin_weatherTmp2dwnCenter,foulum,Rotation C,C,Mineral fertiliser,NA,weatherTmp2dwnCenter,Temperature,Decrease,2,-2,Center,FALSE
SIM0453,degC,VAPV 0-level (modelled microclimate),foulum_RotationCMin_weatherTmp0Center,foulum,Rotation C,C,Mineral fertiliser,NA,weatherTmp0Center,Temperature,No change,0,0,Center,FALSE
SIM0454,degC,VAPV 0-level (modelled microclimate),foulum_RotationCMin_weatherTmp0East,foulum,Rotation C,C,Mineral fertiliser,NA,weatherTmp0East,Temperature,No change,0,0,East,FALSE
SIM0455,degC,VAPV 0-level (modelled microclimate),foulum_RotationCMin_weatherTmp0West,foulum,Rotation C,C,Mineral fertiliser,NA,weatherTmp0West,Temperature,No change,0,0,West,FALSE
SIM0456,degC,Perturbation from VAPV 0-level,foulum_RotationCMin_weatherTmp0p5upCenter,foulum,Rotation C,C,Mineral fertiliser,NA,weatherTmp0p5upCenter,Temperature,Increase,0.5,0.5,Center,FALSE
SIM0457,degC,Perturbation from VAPV 0-level,foulum_RotationCMin_weatherTmp1upCenter,foulum,Rotation C,C,Mineral fertiliser,NA,weatherTmp1upCenter,Temperature,Increase,1,1,Center,FALSE
SIM0458,degC,Perturbation from VAPV 0-level,foulum_RotationCMin_weatherTmp2upCenter,foulum,Rotation C,C,Mineral fertiliser,NA,weatherTmp2upCenter,Temperature,Increase,2,2,Center,FALSE
SIM0459,degC,Perturbation from VAPV 0-level,foulum_RotationCMin_weatherTmp3upCenter,foulum,Rotation C,C,Mineral fertiliser,NA,weatherTmp3upCenter,Temperature,Increase,3,3,Center,FALSE
SIM0460,percent,Perturbation from VAPV 0-level,foulum_RotationCMin_weatherWin70dwnCenter,foulum,Rotation C,C,Mineral fertiliser,NA,weatherWin70dwnCenter,Wind,Decrease,70,-70,Center,FALSE
SIM0461,percent,Perturbation from VAPV 0-level,foulum_RotationCMin_weatherWin60dwnCenter,foulum,Rotation C,C,Mineral fertiliser,NA,weatherWin60dwnCenter,Wind,Decrease,60,-60,Center,FALSE
SIM0462,percent,Perturbation from VAPV 0-level,foulum_RotationCMin_weatherWin50dwnCenter,foulum,Rotation C,C,Mineral fertiliser,NA,weatherWin50dwnCenter,Wind,Decrease,50,-50,Center,FALSE
SIM0463,percent,Perturbation from VAPV 0-level,foulum_RotationCMin_weatherWin40dwnCenter,foulum,Rotation C,C,Mineral fertiliser,NA,weatherWin40dwnCenter,Wind,Decrease,40,-40,Center,FALSE
SIM0464,percent,Perturbation from VAPV 0-level,foulum_RotationCMin_weatherWin30dwnCenter,foulum,Rotation C,C,Mineral fertiliser,NA,weatherWin30dwnCenter,Wind,Decrease,30,-30,Center,FALSE
SIM0465,percent,Perturbation from VAPV 0-level,foulum_RotationCMin_weatherWin20dwnCenter,foulum,Rotation C,C,Mineral fertiliser,NA,weatherWin20dwnCenter,Wind,Decrease,20,-20,Center,FALSE
SIM0466,percent,VAPV 0-level (modelled microclimate),foulum_RotationCMin_weatherWin0Center,foulum,Rotation C,C,Mineral fertiliser,NA,weatherWin0Center,Wind,No change,0,0,Center,FALSE
SIM0467,percent,VAPV 0-level (modelled microclimate),foulum_RotationCMin_weatherWin0East,foulum,Rotation C,C,Mineral fertiliser,NA,weatherWin0East,Wind,No change,0,0,East,FALSE
SIM0468,percent,VAPV 0-level (modelled microclimate),foulum_RotationCMin_weatherWin0West,foulum,Rotation C,C,Mineral fertiliser,NA,weatherWin0West,Wind,No change,0,0,West,FALSE
