crop_phase,scen_label,driver,mean_pct_of_openfield,p10_pct_of_openfield,cv_pct,delta_cv_pp,buffering_pp,verdict,n_crop_years
Winter Wheat,Rad -30%,Radiation,33.90339283769237,26.34121828463581,41.231927410447135,15.717435845285731,-7.562174553056561,Tail amplified,22
Winter Wheat,Rad 0%,Radiation,75.18590355868882,61.49671273625548,31.816192163855302,6.301700598693898,-13.68919082243334,Tail amplified,22
Winter Wheat,Tmp +3degC,Temperature,96.39096267731315,73.65270832523119,30.21393776920836,4.699446204046957,-22.738254352081967,Tail amplified,22
Winter Wheat,Tmp -3degC,Temperature,59.271082388055014,25.906988521186076,58.651044187471705,33.136552622310305,-33.36409386686894,Tail amplified,22
Winter Wheat,Tmp 0degC,Temperature,97.9670066594135,99.22327353565423,27.561472461284968,2.0469808961235643,1.2562668762407299,Neutral,22
Winter Wheat,Wind -70%,Wind,96.8429556665769,99.99844925050019,23.242168655665992,-2.2723229094954114,3.1554935839232883,Tail buffered,22
Winter Wheat,Wind 0%,Wind,99.16027558058565,100.00154291347404,25.000927447071543,-0.5135641180898602,0.8412673328883926,Neutral,22
Spring Barley,Rad -30%,Radiation,66.15749086133926,60.6457360110887,24.46243010581174,1.1592981533819362,-5.511754850250554,Tail amplified,21
Spring Barley,Rad 0%,Radiation,86.59524738825789,84.58359618976758,23.00750597649345,-0.2956259759363533,-2.0116511984903127,Tail amplified,21
Spring Barley,Tmp +3degC,Temperature,110.7664413258924,117.16998024514841,20.982047187099994,-2.321084765329811,6.4035389192560075,Tail buffered,21
Spring Barley,Tmp -3degC,Temperature,43.94067489692754,27.568214746329996,41.08114863961355,17.778016687183747,-16.372460150597544,Tail amplified,21
Spring Barley,Tmp 0degC,Temperature,96.98059348162481,96.83395727887283,23.77112963875628,0.46799768632647343,-0.14663620275197786,Neutral,21
Spring Barley,Wind -70%,Wind,100.77916428290479,101.84711784222787,23.16400040616672,-0.13913154626308355,1.0679535593230867,Neutral,21
Spring Barley,Wind 0%,Wind,100.69728910966641,102.42567839370534,22.901257858241305,-0.40187409418849995,1.7283892840389257,Neutral,21
Soybean,Rad -30%,Radiation,67.1436790184293,64.319166558917,14.70561783294129,3.144567000574117,-2.8245124595122917,Tail amplified,22
Soybean,Rad 0%,Radiation,87.5903952911402,90.64883452097236,12.106053206383425,0.5450023740162528,3.0584392298321603,Tail buffered,22
Soybean,Tmp +3degC,Temperature,103.99118680118264,92.82134239322707,14.839004655162194,3.2779538227950216,-11.169844407955566,Tail amplified,22
Soybean,Tmp -3degC,Temperature,55.90201696321385,34.9629994933197,32.55081270940449,20.989761877037317,-20.939017469894154,Tail amplified,22
Soybean,Tmp 0degC,Temperature,95.87136768311201,98.0075571974819,12.348064273381194,0.7870134410140217,2.136189514369889,Tail buffered,22
Soybean,Wind -70%,Wind,101.90101844867603,104.76769802609418,11.118559202894795,-0.44249162947237686,2.8666795774181537,Tail buffered,22
Soybean,Wind 0%,Wind,100.77184086879934,101.03819058802614,11.298482793063059,-0.26256803930411365,0.2663497192267954,Neutral,22
Grass-Clover (ley yr 1),Rad -30%,Radiation,42.56393797325788,59.84601233119316,20.923515279244388,-8.409851187414791,17.28207435793528,Tail buffered,21
Grass-Clover (ley yr 1),Rad 0%,Radiation,55.29612256311214,71.31485578083985,24.256204959720755,-5.077161506938424,16.018733217727707,Tail buffered,21
Grass-Clover (ley yr 1),Tmp +3degC,Temperature,222.8037417704223,288.3895308779053,12.290399323454773,-17.042967143204407,65.58578910748301,Tail buffered,21
Grass-Clover (ley yr 1),Tmp -3degC,Temperature,46.16701457295645,58.37484093865491,23.146513541772602,-6.186852924886576,12.207826365698466,Tail buffered,21
Grass-Clover (ley yr 1),Tmp 0degC,Temperature,89.05825633968954,96.1124150345102,28.74269114140783,-0.5906753252513504,7.054158694820671,Tail buffered,21
Grass-Clover (ley yr 1),Wind -70%,Wind,97.19347531411911,98.97875004160203,32.038178498483695,2.704812031824517,1.7852747274829142,Neutral,21
Grass-Clover (ley yr 1),Wind 0%,Wind,99.43714683955875,100.87157119681403,30.048532576200447,0.7151661095412685,1.4344243572552813,Neutral,21
Grass-Clover (ley yr 2),Rad -30%,Radiation,44.39961881769896,33.16055129572743,44.14523023744079,22.46812904650571,-11.239067521971528,Tail amplified,21
Grass-Clover (ley yr 2),Rad 0%,Radiation,89.194562459628,94.30121050858605,15.162612594266358,-6.514488596668725,5.10664804895805,Tail buffered,21
Grass-Clover (ley yr 2),Tmp +3degC,Temperature,115.49668525106321,112.63342764218513,7.868504203476958,-13.808596987458126,-2.8632576088780866,Tail amplified,21
Grass-Clover (ley yr 2),Tmp -3degC,Temperature,48.61029918565091,28.726494638230974,46.778416550713466,25.101315359778383,-19.883804547419935,Tail amplified,21
Grass-Clover (ley yr 2),Tmp 0degC,Temperature,102.71039685284094,106.40634649780637,5.542606938318026,-16.134494252617056,3.695949644965424,Tail buffered,21
Grass-Clover (ley yr 2),Wind -70%,Wind,97.57435504292602,40.908096993078225,26.633416437333075,4.956315246397992,-56.66625804984779,Tail amplified,21
Grass-Clover (ley yr 2),Wind 0%,Wind,100.33649826840819,101.85953528661602,21.837095241534215,0.1599940505991313,1.5230370182078303,Neutral,21
