rotation,year,phase_crop,agb,drought_class,rel_agb
Rotation 1,1998,Winter Wheat,4.1681479999999995,Dry,0.3382154558812873
Rotation 1,1999,Grass-Clover,6.944452,Near-normal,0.2707096770773179
Rotation 1,2000,Grass-Clover,22.4237247,Near-normal,0.8741250241786792
Rotation 1,2001,Spring Barley,10.4268427,Near-normal,0.7539132256762605
Rotation 1,2002,Soybean,7.311443,Near-normal,0.9596595941506706
Rotation 1,2003,Winter Wheat,6.3595951,Near-normal,0.5160357444042057
Rotation 1,2004,Grass-Clover,4.633252,Near-normal,0.1806141294860757
Rotation 1,2005,Grass-Clover,21.4786381,Dry,0.8372835155476022
Rotation 1,2006,Spring Barley,13.077828550000001,Near-normal,0.9455928501704157
Rotation 1,2007,Soybean,7.226572,Near-normal,0.9485198958154498
Rotation 1,2008,Winter Wheat,9.54862,Near-normal,0.7748023501893834
Rotation 1,2009,Grass-Clover,8.793309,Dry,0.34278209998874976
Rotation 1,2010,Grass-Clover,21.996798,Dry,0.8574825030563955
Rotation 1,2011,Spring Barley,13.830295509999997,Dry,1
Rotation 1,2012,Soybean,5.818498000000001,Near-normal,0.7637038857099057
Rotation 1,2013,Winter Wheat,9.602889999999999,Dry,0.7792059732830636
Rotation 1,2014,Grass-Clover,5.648764,Near-normal,0.22020097170028372
Rotation 1,2015,Grass-Clover,8.161237,Near-normal,0.31814257378716976
Rotation 1,2016,Spring Barley,11.28976155,Near-normal,0.8163066032708365
Rotation 1,2017,Soybean,5.733718,Near-normal,0.7525761315316819
Rotation 1,2018,Winter Wheat,8.060535999999999,Dry,0.6540549562749519
Rotation 1,2019,Grass-Clover,11.024918,Near-normal,0.4297750191928621
Rotation 1,2020,Grass-Clover,23.005971,Dry,0.8968222374148659
Rotation 1,2021,Spring Barley,12.5745314,Near-normal,0.9092019321574136
Rotation 1,2022,Soybean,5.999091999999999,Dry,0.7874076559158752
Rotation 1,2023,Winter Wheat,11.550894,Near-normal,0.9372725920592135
Rotation 1,2024,Grass-Clover,19.524466,Near-normal,0.7611056834962748
Rotation 2,1998,Grass-Clover,11.3808665,Near-normal,0.44365065739889414
Rotation 2,1999,Grass-Clover,23.015108,Near-normal,0.8971784173293438
Rotation 2,2000,Spring Barley,13.426477070000002,Near-normal,0.9708018935887514
Rotation 2,2001,Soybean,5.7967837,Near-normal,0.7608537867177824
Rotation 2,2002,Winter Wheat,11.579228,Near-normal,0.9395716938969939
Rotation 2,2003,Grass-Clover,9.207983,Near-normal,0.3589469845084152
Rotation 2,2004,Grass-Clover,22.361660999999998,Near-normal,0.8717056476482886
Rotation 2,2005,Spring Barley,12.380762999999998,Dry,0.8951915012262815
Rotation 2,2006,Soybean,6.8927344,Near-normal,0.904702217728069
Rotation 2,2007,Winter Wheat,6.571499599999999,Near-normal,0.5332302818992265
Rotation 2,2008,Grass-Clover,12.414541999999999,Near-normal,0.4839455519143627
Rotation 2,2009,Grass-Clover,24.847697,Dry,0.9686166786068996
Rotation 2,2010,Spring Barley,10.8952306,Dry,0.7877800291484879
Rotation 2,2011,Soybean,6.262324,Near-normal,0.8219580332199818
Rotation 2,2012,Winter Wheat,10.15245,Near-normal,0.8237988442497665
Rotation 2,2013,Grass-Clover,7.27973073,Dry,0.28377956318628567
Rotation 2,2014,Grass-Clover,25.652766,Near-normal,1
Rotation 2,2015,Spring Barley,11.155938,Near-normal,0.8066304868130763
Rotation 2,2016,Soybean,6.764251,Near-normal,0.8878381968365572
Rotation 2,2017,Winter Wheat,7.4082740000000005,Near-normal,0.6011285511463337
Rotation 2,2018,Grass-Clover,9.372978,Dry,0.3653788445269411
Rotation 2,2019,Grass-Clover,23.181993,Near-normal,0.9036839536134231
Rotation 2,2020,Spring Barley,12.460985800000001,Dry,0.9009920135827961
Rotation 2,2021,Soybean,7.293894,Near-normal,0.9573562094128357
Rotation 2,2022,Winter Wheat,12.323943,Near-normal,1
Rotation 2,2023,Grass-Clover,14.892754,Near-normal,0.5805515865228724
Rotation 2,2024,Grass-Clover,25.583771,Near-normal,0.9973104264857832
Rotation 3,1998,Spring Barley,2.5569525900000003,Near-normal,0.18488054634488435
Rotation 3,1999,Soybean,6.4747639999999995,Near-normal,0.849841733357064
Rotation 3,2000,Winter Wheat,10.759843,Near-normal,0.873084450325679
Rotation 3,2001,Grass-Clover,7.1666704999999995,Near-normal,0.2793722322185451
Rotation 3,2002,Grass-Clover,24.132186,Near-normal,0.9407245207008087
Rotation 3,2003,Spring Barley,13.350587910000002,Near-normal,0.9653147252238289
Rotation 3,2004,Soybean,6.176265000000001,Near-normal,0.8106624045714358
Rotation 3,2005,Winter Wheat,7.972188,Dry,0.6468861467470273
Rotation 3,2006,Grass-Clover,8.6423051,Near-normal,0.33689564314429093
Rotation 3,2007,Grass-Clover,24.471904,Near-normal,0.9539674591036303
Rotation 3,2008,Spring Barley,10.76577914,Near-normal,0.7784200368109128
Rotation 3,2009,Soybean,7.0761210000000005,Dry,0.9287725291739316
Rotation 3,2010,Winter Wheat,5.730351000000001,Dry,0.46497707754734025
Rotation 3,2011,Grass-Clover,8.779090199999999,Near-normal,0.34222782057888024
Rotation 3,2012,Grass-Clover,22.84025,Near-normal,0.8903620763546513
Rotation 3,2013,Spring Barley,10.85297928,Dry,0.7847250459798745
Rotation 3,2014,Soybean,7.618788,Near-normal,1
Rotation 3,2015,Winter Wheat,10.128424,Near-normal,0.8218493058593342
Rotation 3,2016,Grass-Clover,5.168298,Near-normal,0.20147137349633173
Rotation 3,2017,Grass-Clover,8.213989,Near-normal,0.32019896022128763
Rotation 3,2018,Spring Barley,8.26304189,Dry,0.5974595325186947
Rotation 3,2019,Soybean,6.682941999999999,Dry,0.8771660269323676
Rotation 3,2020,Winter Wheat,6.8347065,Near-normal,0.5545876429321362
Rotation 3,2021,Grass-Clover,8.836639,Near-normal,0.3444711965953301
Rotation 3,2022,Grass-Clover,19.94864,Dry,0.7776408984512626
Rotation 3,2023,Spring Barley,9.645269070000001,Near-normal,0.6974015170555096
Rotation 3,2024,Soybean,6.503469999999999,Near-normal,0.8536095242445385
Rotation 4,1998,Soybean,4.234458,Near-normal,0.5557915510971037
Rotation 4,1999,Winter Wheat,8.251608000000001,Near-normal,0.6695590851077452
Rotation 4,2000,Grass-Clover,13.017649,Near-normal,0.5074559601097207
Rotation 4,2001,Grass-Clover,21.952243,Near-normal,0.8557456533147342
Rotation 4,2002,Spring Barley,13.544639920000002,Near-normal,0.9793456625859186
Rotation 4,2003,Soybean,7.103483,Near-normal,0.9323639140503712
Rotation 4,2004,Winter Wheat,7.033321000000001,Near-normal,0.5707037917978037
Rotation 4,2005,Grass-Clover,8.835292,Dry,0.3444186876378166
Rotation 4,2006,Grass-Clover,23.816312,Near-normal,0.9284110727084947
Rotation 4,2007,Spring Barley,13.64246194,Near-normal,0.9864186871593464
Rotation 4,2008,Soybean,6.039123999999999,Near-normal,0.7926620349588411
Rotation 4,2009,Winter Wheat,11.836336999999999,Dry,0.9604342538747541
Rotation 4,2010,Grass-Clover,6.686287999999999,Dry,0.26064588902420893
Rotation 4,2011,Grass-Clover,23.551828999999998,Near-normal,0.9181009564426696
Rotation 4,2012,Spring Barley,11.82174479,Near-normal,0.8547716700234125
Rotation 4,2013,Soybean,6.089863299999999,Near-normal,0.799321795015165
Rotation 4,2014,Winter Wheat,9.40103,Near-normal,0.7628264752603936
Rotation 4,2015,Grass-Clover,8.238585,Near-normal,0.3211577652094125
Rotation 4,2016,Grass-Clover,24.111003,Near-normal,0.9398987617943422
Rotation 4,2017,Spring Barley,12.168222790000002,Near-normal,0.8798237739173227
Rotation 4,2018,Soybean,4.9184149999999995,Dry,0.6455639663421531
Rotation 4,2019,Winter Wheat,11.544187,Near-normal,0.9367283668871238
Rotation 4,2020,Grass-Clover,8.340174,Dry,0.32511792295614433
Rotation 4,2021,Grass-Clover,23.690983,Near-normal,0.923525478694968
Rotation 4,2022,Spring Barley,13.435044409999998,Near-normal,0.9714213554067436
Rotation 4,2023,Soybean,6.9335830000000005,Dry,0.9100637791732753
Rotation 4,2024,Winter Wheat,7.703351,Near-normal,0.6250719432895786
