fertilisation,residue,weather_scenario,weather_factor,weather_signed_change_pct,strip_position,weather_is_baseline,system_asy_MgDM_ha_yr,sd_across_rotations,n_rotations,signed_level,wf,scen_label,reference_asy,relative_yield_pct,management_label,leaching_kgN_ha,leaching_sd_kgN_ha,driver,yield_metric
Biogas digestate,Residue Removed,weatherBaselineopen,Baseline,0,Open field,TRUE,11.48430646611111,1.187072494095085,4,0,Reference,Reference,11.48430646611111,100,Biogas digestate | Residue Removed,27.19956437788889,1.7440500848343652,Open field,All-crop ASY AGB
Biogas digestate,Residue Removed,weatherRad0Center,Radiation,0,Center,FALSE,9.079083701388889,0.6622489720001921,4,0,Radiation,Rad 0%,11.48430646611111,79.05643869902147,Biogas digestate | Residue Removed,25.255716817592592,4.204081496431254,Radiation,All-crop ASY AGB
Biogas digestate,Residue Removed,weatherRad10dwnCenter,Radiation,-10,Center,FALSE,8.424723532833333,0.35699172921315125,4,-10,Radiation,Rad -10%,11.48430646611111,73.35857465745745,Biogas digestate | Residue Removed,25.48206914537037,3.773446310181418,Radiation,All-crop ASY AGB
Biogas digestate,Residue Removed,weatherRad20dwnCenter,Radiation,-20,Center,FALSE,7.256382753477777,0.23378811203588643,4,-20,Radiation,Rad -20%,11.48430646611111,63.185206480605004,Biogas digestate | Residue Removed,23.49993548201852,5.693403486101982,Radiation,All-crop ASY AGB
Biogas digestate,Residue Removed,weatherRad30dwnCenter,Radiation,-30,Center,FALSE,5.466202177830278,0.3160906635808943,4,-30,Radiation,Rad -30%,11.48430646611111,47.59714654045869,Biogas digestate | Residue Removed,21.090175836574076,2.925532801368224,Radiation,All-crop ASY AGB
Biogas digestate,Residue Removed,weatherRad5dwnCenter,Radiation,-5,Center,FALSE,8.662277393046296,0.23463961586633253,4,-5,Radiation,Rad -5%,11.48430646611111,75.4270831992136,Biogas digestate | Residue Removed,24.884538080555554,4.59873377367219,Radiation,All-crop ASY AGB
Biogas digestate,Residue Removed,weatherTmp0Center,Temperature,0,Center,FALSE,11.275342763537036,0.6883428156836083,4,0,Temperature,Tmp 0degC,11.48430646611111,98.18044125528432,Biogas digestate | Residue Removed,24.966966585185183,3.747550901681875,Temperature,All-crop ASY AGB
Biogas digestate,Residue Removed,weatherTmp0p5upCenter,Temperature,0.5,Center,FALSE,11.496044884281481,1.374364584702355,4,0.5,Temperature,Tmp +0.5degC,11.48430646611111,100.1022126865476,Biogas digestate | Residue Removed,24.84232790833333,1.8213255553597258,Temperature,All-crop ASY AGB
Biogas digestate,Residue Removed,weatherTmp1upCenter,Temperature,1,Center,FALSE,13.122951202037036,0.959942323250519,4,1,Temperature,Tmp +1degC,11.48430646611111,114.26855631867176,Biogas digestate | Residue Removed,28.04480587399074,1.5447436839387805,Temperature,All-crop ASY AGB
Biogas digestate,Residue Removed,weatherTmp2dwnCenter,Temperature,-2,Center,FALSE,7.795638599145371,0.4598831879520729,4,-2,Temperature,Tmp -2degC,11.48430646611111,67.88079560702616,Biogas digestate | Residue Removed,13.623061167592592,4.177188371997834,Temperature,All-crop ASY AGB
Biogas digestate,Residue Removed,weatherTmp2upCenter,Temperature,2,Center,FALSE,14.300839601878703,0.7234033375668366,4,2,Temperature,Tmp +2degC,11.48430646611111,124.5250607346544,Biogas digestate | Residue Removed,29.459843407685185,2.638622202890412,Temperature,All-crop ASY AGB
Biogas digestate,Residue Removed,weatherTmp3dwnCenter,Temperature,-3,Center,FALSE,5.594741966564815,0.4192961630337062,4,-3,Temperature,Tmp -3degC,11.48430646611111,48.716411244111825,Biogas digestate | Residue Removed,10.48576381638889,3.270790205659915,Temperature,All-crop ASY AGB
Biogas digestate,Residue Removed,weatherTmp3upCenter,Temperature,3,Center,FALSE,14.506008671013426,0.7087430506315323,4,3,Temperature,Tmp +3degC,11.48430646611111,126.31157757605143,Biogas digestate | Residue Removed,28.91280099187037,2.299737918217917,Temperature,All-crop ASY AGB
Biogas digestate,Residue Removed,weatherWin0Center,Wind,0,Center,FALSE,11.49972971037037,1.2264233486019749,4,0,Wind,Wind 0%,11.48430646611111,100.13429843852367,Biogas digestate | Residue Removed,26.914943395648148,1.7358241363425062,Wind,All-crop ASY AGB
Biogas digestate,Residue Removed,weatherWin20dwnCenter,Wind,-20,Center,FALSE,11.515016831296297,1.2302954057385682,4,-20,Wind,Wind -20%,11.48430646611111,100.267411578364,Biogas digestate | Residue Removed,26.726834824074075,1.7430489319354647,Wind,All-crop ASY AGB
Biogas digestate,Residue Removed,weatherWin30dwnCenter,Wind,-30,Center,FALSE,11.521811458518519,1.2274778135605378,4,-30,Wind,Wind -30%,11.48430646611111,100.32657603241502,Biogas digestate | Residue Removed,26.644160749074075,1.7234607934006538,Wind,All-crop ASY AGB
Biogas digestate,Residue Removed,weatherWin40dwnCenter,Wind,-40,Center,FALSE,11.528343323981481,1.2280646824769264,4,-40,Wind,Wind -40%,11.48430646611111,100.38345247926217,Biogas digestate | Residue Removed,26.556045333333334,1.7388454599062195,Wind,All-crop ASY AGB
Biogas digestate,Residue Removed,weatherWin50dwnCenter,Wind,-50,Center,FALSE,11.533858715925927,1.2270960493714635,4,-50,Wind,Wind -50%,11.48430646611111,100.43147794741492,Biogas digestate | Residue Removed,26.41230810277778,1.7548514779127977,Wind,All-crop ASY AGB
Biogas digestate,Residue Removed,weatherWin60dwnCenter,Wind,-60,Center,FALSE,11.312949680462964,1.425898974029173,4,-60,Wind,Wind -60%,11.48430646611111,98.50790479900722,Biogas digestate | Residue Removed,25.780653546296296,2.7550506733811866,Wind,All-crop ASY AGB
Biogas digestate,Residue Removed,weatherWin70dwnCenter,Wind,-70,Center,FALSE,11.320792230777776,1.4270337386079444,4,-70,Wind,Wind -70%,11.48430646611111,98.57619408001827,Biogas digestate | Residue Removed,25.668984843518516,2.7654010196402825,Wind,All-crop ASY AGB
Biogas digestate,Residue Retained,weatherBaselineopen,Baseline,0,Open field,TRUE,2.0761716725,0.17859806459928823,4,0,Reference,Reference,2.0761716725,100,Biogas digestate | Residue Retained,27.59872119074074,2.282483175668454,Open field,All-crop ASY AGB
Biogas digestate,Residue Retained,weatherRad0Center,Radiation,0,Center,FALSE,1.5565686094444444,0.1578992880150432,4,0,Radiation,Rad 0%,2.0761716725,74.97302029798523,Biogas digestate | Residue Retained,27.380389660185184,4.070233863406236,Radiation,All-crop ASY AGB
Biogas digestate,Residue Retained,weatherRad10dwnCenter,Radiation,-10,Center,FALSE,1.3207818555092592,0.16992460384698144,4,-10,Radiation,Rad -10%,2.0761716725,63.61621599040766,Biogas digestate | Residue Retained,26.960941019537035,3.308719277249721,Radiation,All-crop ASY AGB
Biogas digestate,Residue Retained,weatherRad20dwnCenter,Radiation,-20,Center,FALSE,1.0518564548055556,0.15102619692219765,4,-20,Radiation,Rad -20%,2.0761716725,50.66326974488452,Biogas digestate | Residue Retained,24.566464109166667,5.196906718563169,Radiation,All-crop ASY AGB
Biogas digestate,Residue Retained,weatherRad30dwnCenter,Radiation,-30,Center,FALSE,0.7860459495555555,0.12010669629735835,4,-30,Radiation,Rad -30%,2.0761716725,37.86035422634616,Biogas digestate | Residue Retained,22.917750803472224,2.820192999867397,Radiation,All-crop ASY AGB
Biogas digestate,Residue Retained,weatherRad5dwnCenter,Radiation,-5,Center,FALSE,1.4406330191574075,0.17329154966906088,4,-5,Radiation,Rad -5%,2.0761716725,69.38891606312518,Biogas digestate | Residue Retained,26.725474460185186,4.914755338337623,Radiation,All-crop ASY AGB
Biogas digestate,Residue Retained,weatherTmp0Center,Temperature,0,Center,FALSE,1.9610793703796296,0.2266881162971977,4,0,Temperature,Tmp 0degC,2.0761716725,94.45651322360143,Biogas digestate | Residue Retained,25.632131537777777,4.483214267065388,Temperature,All-crop ASY AGB
Biogas digestate,Residue Retained,weatherTmp0p5upCenter,Temperature,0.5,Center,FALSE,2.0863634569444445,0.17776007307055586,4,0.5,Temperature,Tmp +0.5degC,2.0761716725,100.49089314623834,Biogas digestate | Residue Retained,27.54937857037037,2.237354991782505,Temperature,All-crop ASY AGB
Biogas digestate,Residue Retained,weatherTmp1upCenter,Temperature,1,Center,FALSE,2.162685076124074,0.18554008966324984,4,1,Temperature,Tmp +1degC,2.0761716725,104.16696773055861,Biogas digestate | Residue Retained,27.92245716962963,0.9952612798853754,Temperature,All-crop ASY AGB
Biogas digestate,Residue Retained,weatherTmp2dwnCenter,Temperature,-2,Center,FALSE,1.2349973597222221,0.26785766696630536,4,-2,Temperature,Tmp -2degC,2.0761716725,59.4843565240977,Biogas digestate | Residue Retained,17.083207585092595,4.282933302349661,Temperature,All-crop ASY AGB
Biogas digestate,Residue Retained,weatherTmp2upCenter,Temperature,2,Center,FALSE,2.2359207478148146,0.173166771036948,4,2,Temperature,Tmp +2degC,2.0761716725,107.69440588323096,Biogas digestate | Residue Retained,30.189682258333335,3.5747736528242,Temperature,All-crop ASY AGB
Biogas digestate,Residue Retained,weatherTmp3dwnCenter,Temperature,-3,Center,FALSE,0.8177991486111111,0.25274900011163126,4,-3,Temperature,Tmp -3degC,2.0761716725,39.389765280169094,Biogas digestate | Residue Retained,15.560137028333333,4.344584195387017,Temperature,All-crop ASY AGB
Biogas digestate,Residue Retained,weatherTmp3upCenter,Temperature,3,Center,FALSE,2.111717232965463,0.1799616913313326,4,3,Temperature,Tmp +3degC,2.0761716725,101.71207231734653,Biogas digestate | Residue Retained,30.28326547537037,2.1918086584112846,Temperature,All-crop ASY AGB
Biogas digestate,Residue Retained,weatherWin0Center,Wind,0,Center,FALSE,2.0700265907407407,0.1824199974300358,4,0,Wind,Wind 0%,2.0761716725,99.70401861076064,Biogas digestate | Residue Retained,27.333573269351852,2.277534923060487,Wind,All-crop ASY AGB
Biogas digestate,Residue Retained,weatherWin20dwnCenter,Wind,-20,Center,FALSE,2.0642197916666665,0.1844767620146714,4,-20,Wind,Wind -20%,2.0761716725,99.42433080117398,Biogas digestate | Residue Retained,27.14767010925926,2.214399855596081,Wind,All-crop ASY AGB
Biogas digestate,Residue Retained,weatherWin30dwnCenter,Wind,-30,Center,FALSE,2.060780974537037,0.18633990324644353,4,-30,Wind,Wind -30%,2.0761716725,99.25869820078846,Biogas digestate | Residue Retained,27.040574819444444,2.177575693290283,Wind,All-crop ASY AGB
Biogas digestate,Residue Retained,weatherWin40dwnCenter,Wind,-40,Center,FALSE,2.0571050926851853,0.18752386241091495,4,-40,Wind,Wind -40%,2.0761716725,99.08164724201944,Biogas digestate | Residue Retained,26.953290843703705,2.1631852842034944,Wind,All-crop ASY AGB
Biogas digestate,Residue Retained,weatherWin50dwnCenter,Wind,-50,Center,FALSE,2.0506741773148147,0.1832815708491977,4,-50,Wind,Wind -50%,2.0761716725,98.77189851287766,Biogas digestate | Residue Retained,26.804580626203705,2.2136545181512055,Wind,All-crop ASY AGB
Biogas digestate,Residue Retained,weatherWin60dwnCenter,Wind,-60,Center,FALSE,2.040230076574074,0.18602682805760873,4,-60,Wind,Wind -60%,2.0761716725,98.26885240743857,Biogas digestate | Residue Retained,26.200474215,2.4420159983895195,Wind,All-crop ASY AGB
Biogas digestate,Residue Retained,weatherWin70dwnCenter,Wind,-70,Center,FALSE,2.0362343989814815,0.18618533057381714,4,-70,Wind,Wind -70%,2.0761716725,98.07639830330463,Biogas digestate | Residue Retained,26.072696731203703,2.422298585266434,Wind,All-crop ASY AGB
Mineral fertiliser,Residue Removed,weatherBaselineopen,Baseline,0,Open field,TRUE,11.136679941489815,0.8177644120753297,4,0,Reference,Reference,11.136679941489815,100,Mineral fertiliser | Residue Removed,22.633917417592592,1.8477363677431409,Open field,All-crop ASY AGB
Mineral fertiliser,Residue Removed,weatherRad0Center,Radiation,0,Center,FALSE,8.81015492612148,1.0660540915114733,4,0,Radiation,Rad 0%,11.136679941489815,79.10934831932413,Mineral fertiliser | Residue Removed,21.415185224537037,2.5113576045430626,Radiation,All-crop ASY AGB
Mineral fertiliser,Residue Removed,weatherRad10dwnCenter,Radiation,-10,Center,FALSE,8.16960559438111,0.6549145551710212,4,-10,Radiation,Rad -10%,11.136679941489815,73.35764013424827,Mineral fertiliser | Residue Removed,21.732920133333334,3.3076322708566863,Radiation,All-crop ASY AGB
Mineral fertiliser,Residue Removed,weatherRad20dwnCenter,Radiation,-20,Center,FALSE,7.601004146919444,0.3256996895277763,4,-20,Radiation,Rad -20%,11.136679941489815,68.2519762339746,Mineral fertiliser | Residue Removed,21.505685494444442,4.892255211118629,Radiation,All-crop ASY AGB
Mineral fertiliser,Residue Removed,weatherRad30dwnCenter,Radiation,-30,Center,FALSE,6.626647482281111,0.34356344479156264,4,-30,Radiation,Rad -30%,11.136679941489815,59.502899581350704,Mineral fertiliser | Residue Removed,20.205875725925925,2.933188990115216,Radiation,All-crop ASY AGB
Mineral fertiliser,Residue Removed,weatherRad5dwnCenter,Radiation,-5,Center,FALSE,8.154290085050926,1.0183649935825634,4,-5,Radiation,Rad -5%,11.136679941489815,73.22011701774812,Mineral fertiliser | Residue Removed,20.40758783,2.2305964063762054,Radiation,All-crop ASY AGB
Mineral fertiliser,Residue Removed,weatherTmp0Center,Temperature,0,Center,FALSE,11.302590114842593,0.7176435327930807,4,0,Temperature,Tmp 0degC,11.136679941489815,101.48976332465726,Mineral fertiliser | Residue Removed,21.987819784537038,3.0087422929191594,Temperature,All-crop ASY AGB
Mineral fertiliser,Residue Removed,weatherTmp0p5upCenter,Temperature,0.5,Center,FALSE,12.05834061299074,0.9998590870548606,4,0.5,Temperature,Tmp +0.5degC,11.136679941489815,108.27590158236718,Mineral fertiliser | Residue Removed,22.680351771481483,2.526967540920047,Temperature,All-crop ASY AGB
Mineral fertiliser,Residue Removed,weatherTmp1upCenter,Temperature,1,Center,FALSE,13.093429635481481,0.8785516165155125,4,1,Temperature,Tmp +1degC,11.136679941489815,117.57031453065088,Mineral fertiliser | Residue Removed,24.479110894444446,1.2245488867060939,Temperature,All-crop ASY AGB
Mineral fertiliser,Residue Removed,weatherTmp2dwnCenter,Temperature,-2,Center,FALSE,7.9346463260833335,0.48098762666762723,4,-2,Temperature,Tmp -2degC,11.136679941489815,71.24786173052102,Mineral fertiliser | Residue Removed,11.751167078333333,4.123652983843145,Temperature,All-crop ASY AGB
Mineral fertiliser,Residue Removed,weatherTmp2upCenter,Temperature,2,Center,FALSE,14.16690842928148,0.6817525877812423,4,2,Temperature,Tmp +2degC,11.136679941489815,127.20944216509733,Mineral fertiliser | Residue Removed,25.47977211371296,2.753223213215831,Temperature,All-crop ASY AGB
Mineral fertiliser,Residue Removed,weatherTmp3dwnCenter,Temperature,-3,Center,FALSE,5.836711789268518,0.4161940741249125,4,-3,Temperature,Tmp -3degC,11.136679941489815,52.40980094546659,Mineral fertiliser | Residue Removed,9.914541317513889,3.808971876471592,Temperature,All-crop ASY AGB
Mineral fertiliser,Residue Removed,weatherTmp3upCenter,Temperature,3,Center,FALSE,14.306689281415471,0.7157240507258421,4,3,Temperature,Tmp +3degC,11.136679941489815,128.46458151424244,Mineral fertiliser | Residue Removed,24.894658196296298,2.5339214403151713,Temperature,All-crop ASY AGB
Mineral fertiliser,Residue Removed,weatherWin0Center,Wind,0,Center,FALSE,11.190018807777777,0.8270591020021134,4,0,Wind,Wind 0%,11.136679941489815,100.47894764479356,Mineral fertiliser | Residue Removed,22.68043926787037,1.8933484955997442,Wind,All-crop ASY AGB
Mineral fertiliser,Residue Removed,weatherWin20dwnCenter,Wind,-20,Center,FALSE,11.348517190092593,0.860172452769779,4,-20,Wind,Wind -20%,11.136679941489815,101.90215800144868,Mineral fertiliser | Residue Removed,23.124889715370372,1.5969043224866393,Wind,All-crop ASY AGB
Mineral fertiliser,Residue Removed,weatherWin30dwnCenter,Wind,-30,Center,FALSE,11.36698945638889,0.8627951510992511,4,-30,Wind,Wind -30%,11.136679941489815,102.06802670193524,Mineral fertiliser | Residue Removed,23.067618583333335,1.6235661295497856,Wind,All-crop ASY AGB
Mineral fertiliser,Residue Removed,weatherWin40dwnCenter,Wind,-40,Center,FALSE,11.359565323425926,0.8516325659398933,4,-40,Wind,Wind -40%,11.136679941489815,102.00136291163177,Mineral fertiliser | Residue Removed,23.05223566361111,1.6273439893957882,Wind,All-crop ASY AGB
Mineral fertiliser,Residue Removed,weatherWin50dwnCenter,Wind,-50,Center,FALSE,11.359307994916666,0.8447207285141078,4,-50,Wind,Wind -50%,11.136679941489815,101.99905227227954,Mineral fertiliser | Residue Removed,23.085460822694444,1.601113881520938,Wind,All-crop ASY AGB
Mineral fertiliser,Residue Removed,weatherWin60dwnCenter,Wind,-60,Center,FALSE,11.371094298101852,0.8427074632078271,4,-60,Wind,Wind -60%,11.136679941489815,102.10488545817613,Mineral fertiliser | Residue Removed,23.019904707194442,1.5882300999361647,Wind,All-crop ASY AGB
Mineral fertiliser,Residue Removed,weatherWin70dwnCenter,Wind,-70,Center,FALSE,11.37696569900926,0.8377711269847361,4,-70,Wind,Wind -70%,11.136679941489815,102.15760674439656,Mineral fertiliser | Residue Removed,22.976087741388888,1.6387721966242372,Wind,All-crop ASY AGB
Mineral fertiliser,Residue Retained,weatherBaselineopen,Baseline,0,Open field,TRUE,2.000171494351852,0.15972871737670222,4,0,Reference,Reference,2.000171494351852,100,Mineral fertiliser | Residue Retained,25.53980802037037,1.0438448084468932,Open field,All-crop ASY AGB
Mineral fertiliser,Residue Retained,weatherRad0Center,Radiation,0,Center,FALSE,1.5278055275925926,0.15268843963209425,4,0,Radiation,Rad 0%,2.000171494351852,76.3837266907792,Mineral fertiliser | Residue Retained,22.527006833703705,3.0752377965969955,Radiation,All-crop ASY AGB
Mineral fertiliser,Residue Retained,weatherRad10dwnCenter,Radiation,-10,Center,FALSE,1.3040651433148147,0.15232396207102017,4,-10,Radiation,Rad -10%,2.000171494351852,65.19766664994854,Mineral fertiliser | Residue Retained,23.858361482962962,3.626711134862548,Radiation,All-crop ASY AGB
Mineral fertiliser,Residue Retained,weatherRad20dwnCenter,Radiation,-20,Center,FALSE,1.0510550054814813,0.1494299836423538,4,-20,Radiation,Rad -20%,2.000171494351852,52.548244410516,Mineral fertiliser | Residue Retained,23.744771258703704,5.363584933757215,Radiation,All-crop ASY AGB
Mineral fertiliser,Residue Retained,weatherRad30dwnCenter,Radiation,-30,Center,FALSE,0.7854461811851852,0.11894285208012938,4,-30,Radiation,Rad -30%,2.000171494351852,39.2689418583933,Mineral fertiliser | Residue Retained,22.050132512962964,2.597082995124508,Radiation,All-crop ASY AGB
Mineral fertiliser,Residue Retained,weatherRad5dwnCenter,Radiation,-5,Center,FALSE,1.4127012771490741,0.15415009535377636,4,-5,Radiation,Rad -5%,2.000171494351852,70.62900761951188,Mineral fertiliser | Residue Retained,22.374041903703706,3.1231492255310185,Radiation,All-crop ASY AGB
Mineral fertiliser,Residue Retained,weatherTmp0Center,Temperature,0,Center,FALSE,1.8994560243981482,0.2196886994305214,4,0,Temperature,Tmp 0degC,2.000171494351852,94.96465826864811,Mineral fertiliser | Residue Retained,23.219517654907406,2.4208695899205526,Temperature,All-crop ASY AGB
Mineral fertiliser,Residue Retained,weatherTmp0p5upCenter,Temperature,0.5,Center,FALSE,2.0128214776851854,0.15477556795184766,4,0.5,Temperature,Tmp +0.5degC,2.000171494351852,100.63244493629946,Mineral fertiliser | Residue Retained,24.263380449444444,2.65790867976658,Temperature,All-crop ASY AGB
Mineral fertiliser,Residue Retained,weatherTmp1upCenter,Temperature,1,Center,FALSE,2.1083687444416666,0.17515234537353053,4,1,Temperature,Tmp +1degC,2.000171494351852,105.40939866383185,Mineral fertiliser | Residue Retained,25.03841462777778,1.7266809051421372,Temperature,All-crop ASY AGB
Mineral fertiliser,Residue Retained,weatherTmp2dwnCenter,Temperature,-2,Center,FALSE,1.2033876577777778,0.25694465880903816,4,-2,Temperature,Tmp -2degC,2.000171494351852,60.164223976591124,Mineral fertiliser | Residue Retained,15.724025174074074,4.702496981800222,Temperature,All-crop ASY AGB
Mineral fertiliser,Residue Retained,weatherTmp2upCenter,Temperature,2,Center,FALSE,2.1859768288574073,0.14536998051541236,4,2,Temperature,Tmp +2degC,2.000171494351852,109.28947017944404,Mineral fertiliser | Residue Retained,26.763363398148147,2.8166737179176486,Temperature,All-crop ASY AGB
Mineral fertiliser,Residue Retained,weatherTmp3dwnCenter,Temperature,-3,Center,FALSE,0.8044555875925926,0.23457841149859648,4,-3,Temperature,Tmp -3degC,2.000171494351852,40.219330685605705,Mineral fertiliser | Residue Retained,14.383408123212963,4.5801315445731845,Temperature,All-crop ASY AGB
Mineral fertiliser,Residue Retained,weatherTmp3upCenter,Temperature,3,Center,FALSE,2.0798723667394445,0.15325830004803934,4,3,Temperature,Tmp +3degC,2.000171494351852,103.98470194244118,Mineral fertiliser | Residue Retained,26.221397200925924,2.502545546892672,Temperature,All-crop ASY AGB
Mineral fertiliser,Residue Retained,weatherWin0Center,Wind,0,Center,FALSE,1.988496338148148,0.1549327872718116,4,0,Wind,Wind 0%,2.000171494351852,99.4162922411067,Mineral fertiliser | Residue Retained,25.53332877472222,1.11896549113182,Wind,All-crop ASY AGB
Mineral fertiliser,Residue Retained,weatherWin20dwnCenter,Wind,-20,Center,FALSE,1.9826201767592593,0.15740542309458067,4,-20,Wind,Wind -20%,2.000171494351852,99.12250936271442,Mineral fertiliser | Residue Retained,25.444845453703707,1.165806669001251,Wind,All-crop ASY AGB
Mineral fertiliser,Residue Retained,weatherWin30dwnCenter,Wind,-30,Center,FALSE,1.9796005328703705,0.15879853665561594,4,-30,Wind,Wind -30%,2.000171494351852,98.97154011345675,Mineral fertiliser | Residue Retained,25.381138442592594,1.1780259984867838,Wind,All-crop ASY AGB
Mineral fertiliser,Residue Retained,weatherWin40dwnCenter,Wind,-40,Center,FALSE,1.9752941712962961,0.15960503845116583,4,-40,Wind,Wind -40%,2.000171494351852,98.75624049608722,Mineral fertiliser | Residue Retained,25.36532907037037,1.17533484652549,Wind,All-crop ASY AGB
Mineral fertiliser,Residue Retained,weatherWin50dwnCenter,Wind,-50,Center,FALSE,1.9719257010185185,0.1598874365700177,4,-50,Wind,Wind -50%,2.000171494351852,98.58783142280076,Mineral fertiliser | Residue Retained,25.294631212962962,1.2095853674776238,Wind,All-crop ASY AGB
Mineral fertiliser,Residue Retained,weatherWin60dwnCenter,Wind,-60,Center,FALSE,1.9680120662962963,0.16129894405206027,4,-60,Wind,Wind -60%,2.000171494351852,98.39216646440727,Mineral fertiliser | Residue Retained,25.250019941481483,1.1880491271199027,Wind,All-crop ASY AGB
Mineral fertiliser,Residue Retained,weatherWin70dwnCenter,Wind,-70,Center,FALSE,1.9639087708333332,0.16163686567338703,4,-70,Wind,Wind -70%,2.000171494351852,98.18701928205064,Mineral fertiliser | Residue Retained,25.20071821101852,1.209539467646547,Wind,All-crop ASY AGB
