depth,management_label,scen_label,mean_delta_soc_pct,sd_delta_soc_pct,n_rotations,driver
0-30 cm,Biogas digestate | Residue Removed,Rad -10%,-3.0179788727817276,1.2055967982681988,4,Radiation
0-30 cm,Biogas digestate | Residue Removed,Rad -20%,-3.492774933786433,1.072161634695868,4,Radiation
0-30 cm,Biogas digestate | Residue Removed,Rad -30%,-4.283989520707505,1.5308475332200173,4,Radiation
0-30 cm,Biogas digestate | Residue Removed,Rad -5%,-2.5988569345655606,1.1828956793050993,4,Radiation
0-30 cm,Biogas digestate | Residue Removed,Rad 0%,-2.1105911041187415,1.3549881645930995,4,Radiation
0-30 cm,Biogas digestate | Residue Removed,Tmp +0.5degC,-0.5479644065520051,0.9320091821841543,4,Temperature
0-30 cm,Biogas digestate | Residue Removed,Tmp +1degC,-0.02756077999241234,0.6699640014675393,4,Temperature
0-30 cm,Biogas digestate | Residue Removed,Tmp +2degC,-1.1358378975089538,0.763580125045937,4,Temperature
0-30 cm,Biogas digestate | Residue Removed,Tmp +3degC,-3.1446851573657195,1.0431283558950701,4,Temperature
0-30 cm,Biogas digestate | Residue Removed,Tmp -2degC,8.937920694040427,1.036012727780382,4,Temperature
0-30 cm,Biogas digestate | Residue Removed,Tmp -3degC,11.110891109057729,1.4713560184496128,4,Temperature
0-30 cm,Biogas digestate | Residue Removed,Tmp 0degC,1.319732408135963,1.1696432247162694,4,Temperature
0-30 cm,Biogas digestate | Residue Retained,Rad -10%,-3.5850668646542294,1.7331887793229326,4,Radiation
0-30 cm,Biogas digestate | Residue Retained,Rad -20%,-4.614469083531148,2.0971193444007503,4,Radiation
0-30 cm,Biogas digestate | Residue Retained,Rad -30%,-5.388492451450057,1.619862922455807,4,Radiation
0-30 cm,Biogas digestate | Residue Retained,Rad -5%,-2.90072065047072,1.469430378005715,4,Radiation
0-30 cm,Biogas digestate | Residue Retained,Rad 0%,-2.2290786969408543,1.8384342865812244,4,Radiation
0-30 cm,Biogas digestate | Residue Retained,Tmp +0.5degC,0.15626414913059483,1.2143380596191429,4,Temperature
0-30 cm,Biogas digestate | Residue Retained,Tmp +1degC,-0.5118810676907501,0.848206660471746,4,Temperature
0-30 cm,Biogas digestate | Residue Retained,Tmp +2degC,-1.6570451804930768,1.1612695861696474,4,Temperature
0-30 cm,Biogas digestate | Residue Retained,Tmp +3degC,-3.7917023891171393,1.2313145615071426,4,Temperature
0-30 cm,Biogas digestate | Residue Retained,Tmp -2degC,8.549315817249592,1.694422912722557,4,Temperature
0-30 cm,Biogas digestate | Residue Retained,Tmp -3degC,10.79883054386196,2.1051587416791024,4,Temperature
0-30 cm,Biogas digestate | Residue Retained,Tmp 0degC,0.6142146061131244,0.849765404651064,4,Temperature
0-30 cm,Mineral fertiliser | Residue Removed,Rad -10%,-3.2673458175413277,1.7549459197604094,4,Radiation
0-30 cm,Mineral fertiliser | Residue Removed,Rad -20%,-3.4090428489626845,1.5673532001861408,4,Radiation
0-30 cm,Mineral fertiliser | Residue Removed,Rad -30%,-3.3163723794780644,1.601615528542069,4,Radiation
0-30 cm,Mineral fertiliser | Residue Removed,Rad -5%,-3.1618424136425136,1.9877626605023806,4,Radiation
0-30 cm,Mineral fertiliser | Residue Removed,Rad 0%,-2.3104206148804893,2.028541322217475,4,Radiation
0-30 cm,Mineral fertiliser | Residue Removed,Tmp +0.5degC,0.367650444820175,0.7367973541827022,4,Temperature
0-30 cm,Mineral fertiliser | Residue Removed,Tmp +1degC,0.29611537202647303,0.4880033166096017,4,Temperature
0-30 cm,Mineral fertiliser | Residue Removed,Tmp +2degC,-0.8981755911985595,0.6109956261650984,4,Temperature
0-30 cm,Mineral fertiliser | Residue Removed,Tmp +3degC,-3.0468819801910776,0.863886628827251,4,Temperature
0-30 cm,Mineral fertiliser | Residue Removed,Tmp -2degC,8.97223995399367,2.109871117963747,4,Temperature
0-30 cm,Mineral fertiliser | Residue Removed,Tmp -3degC,10.658140150491862,1.5883538276521338,4,Temperature
0-30 cm,Mineral fertiliser | Residue Removed,Tmp 0degC,1.7536432494266962,1.3490329958396463,4,Temperature
0-30 cm,Mineral fertiliser | Residue Retained,Rad -10%,-4.252356736984225,0.9646265139559984,4,Radiation
0-30 cm,Mineral fertiliser | Residue Retained,Rad -20%,-4.734243307145134,1.3934456623840608,4,Radiation
0-30 cm,Mineral fertiliser | Residue Retained,Rad -30%,-5.357338751444158,0.9089858053176709,4,Radiation
0-30 cm,Mineral fertiliser | Residue Retained,Rad -5%,-4.174572889094297,1.516613854674674,4,Radiation
0-30 cm,Mineral fertiliser | Residue Retained,Rad 0%,-3.423286685367319,1.8683099133252616,4,Radiation
0-30 cm,Mineral fertiliser | Residue Retained,Tmp +0.5degC,-0.08950494119171759,0.8813078702535805,4,Temperature
0-30 cm,Mineral fertiliser | Residue Retained,Tmp +1degC,-0.8498064412143793,1.3377061798429266,4,Temperature
0-30 cm,Mineral fertiliser | Residue Retained,Tmp +2degC,-1.8258700824289735,0.5973305980658081,4,Temperature
0-30 cm,Mineral fertiliser | Residue Retained,Tmp +3degC,-4.189541127277795,0.4790488110102137,4,Temperature
0-30 cm,Mineral fertiliser | Residue Retained,Tmp -2degC,8.496707815549707,1.9624208313681748,4,Temperature
0-30 cm,Mineral fertiliser | Residue Retained,Tmp -3degC,9.165945168795599,1.7295947175032622,4,Temperature
0-30 cm,Mineral fertiliser | Residue Retained,Tmp 0degC,1.1241977163289658,1.375866676207692,4,Temperature
30-60 cm,Biogas digestate | Residue Removed,Rad -10%,-2.6447814966695407,0.6032108854599924,4,Radiation
30-60 cm,Biogas digestate | Residue Removed,Rad -20%,-3.2936588262746023,0.7005210422917029,4,Radiation
30-60 cm,Biogas digestate | Residue Removed,Rad -30%,-4.197541425067622,0.6559523861111812,4,Radiation
30-60 cm,Biogas digestate | Residue Removed,Rad -5%,-2.4301282192556655,0.7081290118810653,4,Radiation
30-60 cm,Biogas digestate | Residue Removed,Rad 0%,-2.152895780439198,0.4687256390681346,4,Radiation
30-60 cm,Biogas digestate | Residue Removed,Tmp +0.5degC,0.05558104381446736,0.7248444768779888,4,Temperature
30-60 cm,Biogas digestate | Residue Removed,Tmp +1degC,1.220836461507194,0.529348575006705,4,Temperature
30-60 cm,Biogas digestate | Residue Removed,Tmp +2degC,1.8064837677662053,0.6819350861197636,4,Temperature
30-60 cm,Biogas digestate | Residue Removed,Tmp +3degC,1.6177643383068856,0.9607281801221129,4,Temperature
30-60 cm,Biogas digestate | Residue Removed,Tmp -2degC,-1.6918523253302913,0.8787332522170249,4,Temperature
30-60 cm,Biogas digestate | Residue Removed,Tmp -3degC,-2.896805732342468,0.8355739385128549,4,Temperature
30-60 cm,Biogas digestate | Residue Removed,Tmp 0degC,0.03107379442014755,0.46590547030097446,4,Temperature
30-60 cm,Biogas digestate | Residue Retained,Rad -10%,-2.6911944399433,0.6810285467426931,4,Radiation
30-60 cm,Biogas digestate | Residue Retained,Rad -20%,-3.509971185798692,0.7913777296824177,4,Radiation
30-60 cm,Biogas digestate | Residue Retained,Rad -30%,-4.2876235862965455,0.8135031095719583,4,Radiation
30-60 cm,Biogas digestate | Residue Retained,Rad -5%,-2.3858220647657356,0.7409491380921357,4,Radiation
30-60 cm,Biogas digestate | Residue Retained,Rad 0%,-2.0264527813961815,0.7342616397218464,4,Radiation
30-60 cm,Biogas digestate | Residue Retained,Tmp +0.5degC,0.5989207560671753,0.8694458523832711,4,Temperature
30-60 cm,Biogas digestate | Residue Retained,Tmp +1degC,1.021089241021951,0.6409791586425645,4,Temperature
30-60 cm,Biogas digestate | Residue Retained,Tmp +2degC,1.982853849976748,0.820900378108501,4,Temperature
30-60 cm,Biogas digestate | Residue Retained,Tmp +3degC,2.029206698622716,0.8971035769111644,4,Temperature
30-60 cm,Biogas digestate | Residue Retained,Tmp -2degC,-1.9658683390713128,0.796945251369515,4,Temperature
30-60 cm,Biogas digestate | Residue Retained,Tmp -3degC,-2.9304128010641564,0.9453794897121145,4,Temperature
30-60 cm,Biogas digestate | Residue Retained,Tmp 0degC,-0.4656705695530924,0.6818378921277647,4,Temperature
30-60 cm,Mineral fertiliser | Residue Removed,Rad -10%,-2.8265372900737322,0.5056817662307106,4,Radiation
30-60 cm,Mineral fertiliser | Residue Removed,Rad -20%,-3.278178921039573,0.3705792784501317,4,Radiation
30-60 cm,Mineral fertiliser | Residue Removed,Rad -30%,-3.8308199550126183,0.4573801564448386,4,Radiation
30-60 cm,Mineral fertiliser | Residue Removed,Rad -5%,-2.8057606682999605,0.42304111838454356,4,Radiation
30-60 cm,Mineral fertiliser | Residue Removed,Rad 0%,-2.3210550907400793,0.3148120048126793,4,Radiation
30-60 cm,Mineral fertiliser | Residue Removed,Tmp +0.5degC,0.7383467753336528,0.5586756375721055,4,Temperature
30-60 cm,Mineral fertiliser | Residue Removed,Tmp +1degC,1.4336299143523967,0.3598902335282481,4,Temperature
30-60 cm,Mineral fertiliser | Residue Removed,Tmp +2degC,1.936675469529785,0.46458814034532697,4,Temperature
30-60 cm,Mineral fertiliser | Residue Removed,Tmp +3degC,1.6680020058464236,0.6990871046198686,4,Temperature
30-60 cm,Mineral fertiliser | Residue Removed,Tmp -2degC,-1.7110478162238059,0.3895746235607944,4,Temperature
30-60 cm,Mineral fertiliser | Residue Removed,Tmp -3degC,-2.9370272114882114,0.8043890273928586,4,Temperature
30-60 cm,Mineral fertiliser | Residue Removed,Tmp 0degC,0.3500532107858367,0.26358572886940856,4,Temperature
30-60 cm,Mineral fertiliser | Residue Retained,Rad -10%,-3.198541478079646,0.39519291063981915,4,Radiation
30-60 cm,Mineral fertiliser | Residue Retained,Rad -20%,-3.7222129777660444,0.5293232001557802,4,Radiation
30-60 cm,Mineral fertiliser | Residue Retained,Rad -30%,-4.5184997497929285,0.4174249620156659,4,Radiation
30-60 cm,Mineral fertiliser | Residue Retained,Rad -5%,-3.2338652981885483,0.41249589458401137,4,Radiation
30-60 cm,Mineral fertiliser | Residue Retained,Rad 0%,-2.8326104071598888,0.7427583455889981,4,Radiation
30-60 cm,Mineral fertiliser | Residue Retained,Tmp +0.5degC,0.46018116868138736,0.6564792951214395,4,Temperature
30-60 cm,Mineral fertiliser | Residue Retained,Tmp +1degC,0.7632075111254217,0.9689513489473339,4,Temperature
30-60 cm,Mineral fertiliser | Residue Retained,Tmp +2degC,1.7261998702145078,0.4374390654340063,4,Temperature
30-60 cm,Mineral fertiliser | Residue Retained,Tmp +3degC,1.5737342270746604,0.37457935224013433,4,Temperature
30-60 cm,Mineral fertiliser | Residue Retained,Tmp -2degC,-2.1421221887641537,0.5786753843600143,4,Temperature
30-60 cm,Mineral fertiliser | Residue Retained,Tmp -3degC,-3.736995994893058,0.4915448730322301,4,Temperature
30-60 cm,Mineral fertiliser | Residue Retained,Tmp 0degC,-0.13854211479720327,0.7751392170629398,4,Temperature
