fertilisation,residue,weather_scenario,weather_factor,weather_signed_change_pct,strip_position,weather_is_baseline,system_asy_MgDM_ha_yr,sd_across_rotations,n_rotations
Biogas digestate,Residue Removed,weatherBaselineopen,Baseline,0,Open field,TRUE,11.48430646611111,1.187072494095085,4
Biogas digestate,Residue Removed,weatherRad0Center,Radiation,0,Center,FALSE,9.079083701388889,0.6622489720001921,4
Biogas digestate,Residue Removed,weatherRad10dwnCenter,Radiation,-10,Center,FALSE,8.424723532833333,0.35699172921315125,4
Biogas digestate,Residue Removed,weatherRad20dwnCenter,Radiation,-20,Center,FALSE,7.256382753477777,0.23378811203588643,4
Biogas digestate,Residue Removed,weatherRad30dwnCenter,Radiation,-30,Center,FALSE,5.466202177830278,0.3160906635808943,4
Biogas digestate,Residue Removed,weatherRad5dwnCenter,Radiation,-5,Center,FALSE,8.662277393046296,0.23463961586633253,4
Biogas digestate,Residue Removed,weatherTmp0Center,Temperature,0,Center,FALSE,11.275342763537036,0.6883428156836083,4
Biogas digestate,Residue Removed,weatherTmp0p5upCenter,Temperature,0.5,Center,FALSE,11.496044884281481,1.374364584702355,4
Biogas digestate,Residue Removed,weatherTmp1upCenter,Temperature,1,Center,FALSE,13.122951202037036,0.959942323250519,4
Biogas digestate,Residue Removed,weatherTmp2dwnCenter,Temperature,-2,Center,FALSE,7.795638599145371,0.4598831879520729,4
Biogas digestate,Residue Removed,weatherTmp2upCenter,Temperature,2,Center,FALSE,14.300839601878703,0.7234033375668366,4
Biogas digestate,Residue Removed,weatherTmp3dwnCenter,Temperature,-3,Center,FALSE,5.594741966564815,0.4192961630337062,4
Biogas digestate,Residue Removed,weatherTmp3upCenter,Temperature,3,Center,FALSE,14.506008671013426,0.7087430506315323,4
Biogas digestate,Residue Removed,weatherWin0Center,Wind,0,Center,FALSE,11.49972971037037,1.2264233486019749,4
Biogas digestate,Residue Removed,weatherWin20dwnCenter,Wind,-20,Center,FALSE,11.515016831296297,1.2302954057385682,4
Biogas digestate,Residue Removed,weatherWin30dwnCenter,Wind,-30,Center,FALSE,11.521811458518519,1.2274778135605378,4
Biogas digestate,Residue Removed,weatherWin40dwnCenter,Wind,-40,Center,FALSE,11.528343323981481,1.2280646824769264,4
Biogas digestate,Residue Removed,weatherWin50dwnCenter,Wind,-50,Center,FALSE,11.533858715925927,1.2270960493714635,4
Biogas digestate,Residue Removed,weatherWin60dwnCenter,Wind,-60,Center,FALSE,11.312949680462964,1.425898974029173,4
Biogas digestate,Residue Removed,weatherWin70dwnCenter,Wind,-70,Center,FALSE,11.320792230777776,1.4270337386079444,4
Biogas digestate,Residue Retained,weatherBaselineopen,Baseline,0,Open field,TRUE,2.0761716725,0.17859806459928823,4
Biogas digestate,Residue Retained,weatherRad0Center,Radiation,0,Center,FALSE,1.5565686094444444,0.1578992880150432,4
Biogas digestate,Residue Retained,weatherRad10dwnCenter,Radiation,-10,Center,FALSE,1.3207818555092592,0.16992460384698144,4
Biogas digestate,Residue Retained,weatherRad20dwnCenter,Radiation,-20,Center,FALSE,1.0518564548055556,0.15102619692219765,4
Biogas digestate,Residue Retained,weatherRad30dwnCenter,Radiation,-30,Center,FALSE,0.7860459495555555,0.12010669629735835,4
Biogas digestate,Residue Retained,weatherRad5dwnCenter,Radiation,-5,Center,FALSE,1.4406330191574075,0.17329154966906088,4
Biogas digestate,Residue Retained,weatherTmp0Center,Temperature,0,Center,FALSE,1.9610793703796296,0.2266881162971977,4
Biogas digestate,Residue Retained,weatherTmp0p5upCenter,Temperature,0.5,Center,FALSE,2.0863634569444445,0.17776007307055586,4
Biogas digestate,Residue Retained,weatherTmp1upCenter,Temperature,1,Center,FALSE,2.162685076124074,0.18554008966324984,4
Biogas digestate,Residue Retained,weatherTmp2dwnCenter,Temperature,-2,Center,FALSE,1.2349973597222221,0.26785766696630536,4
Biogas digestate,Residue Retained,weatherTmp2upCenter,Temperature,2,Center,FALSE,2.2359207478148146,0.173166771036948,4
Biogas digestate,Residue Retained,weatherTmp3dwnCenter,Temperature,-3,Center,FALSE,0.8177991486111111,0.25274900011163126,4
Biogas digestate,Residue Retained,weatherTmp3upCenter,Temperature,3,Center,FALSE,2.111717232965463,0.1799616913313326,4
Biogas digestate,Residue Retained,weatherWin0Center,Wind,0,Center,FALSE,2.0700265907407407,0.1824199974300358,4
Biogas digestate,Residue Retained,weatherWin20dwnCenter,Wind,-20,Center,FALSE,2.0642197916666665,0.1844767620146714,4
Biogas digestate,Residue Retained,weatherWin30dwnCenter,Wind,-30,Center,FALSE,2.060780974537037,0.18633990324644353,4
Biogas digestate,Residue Retained,weatherWin40dwnCenter,Wind,-40,Center,FALSE,2.0571050926851853,0.18752386241091495,4
Biogas digestate,Residue Retained,weatherWin50dwnCenter,Wind,-50,Center,FALSE,2.0506741773148147,0.1832815708491977,4
Biogas digestate,Residue Retained,weatherWin60dwnCenter,Wind,-60,Center,FALSE,2.040230076574074,0.18602682805760873,4
Biogas digestate,Residue Retained,weatherWin70dwnCenter,Wind,-70,Center,FALSE,2.0362343989814815,0.18618533057381714,4
Mineral fertiliser,Residue Removed,weatherBaselineopen,Baseline,0,Open field,TRUE,11.136679941489815,0.8177644120753297,4
Mineral fertiliser,Residue Removed,weatherRad0Center,Radiation,0,Center,FALSE,8.81015492612148,1.0660540915114733,4
Mineral fertiliser,Residue Removed,weatherRad10dwnCenter,Radiation,-10,Center,FALSE,8.16960559438111,0.6549145551710212,4
Mineral fertiliser,Residue Removed,weatherRad20dwnCenter,Radiation,-20,Center,FALSE,7.601004146919444,0.3256996895277763,4
Mineral fertiliser,Residue Removed,weatherRad30dwnCenter,Radiation,-30,Center,FALSE,6.626647482281111,0.34356344479156264,4
Mineral fertiliser,Residue Removed,weatherRad5dwnCenter,Radiation,-5,Center,FALSE,8.154290085050926,1.0183649935825634,4
Mineral fertiliser,Residue Removed,weatherTmp0Center,Temperature,0,Center,FALSE,11.302590114842593,0.7176435327930807,4
Mineral fertiliser,Residue Removed,weatherTmp0p5upCenter,Temperature,0.5,Center,FALSE,12.05834061299074,0.9998590870548606,4
Mineral fertiliser,Residue Removed,weatherTmp1upCenter,Temperature,1,Center,FALSE,13.093429635481481,0.8785516165155125,4
Mineral fertiliser,Residue Removed,weatherTmp2dwnCenter,Temperature,-2,Center,FALSE,7.9346463260833335,0.48098762666762723,4
Mineral fertiliser,Residue Removed,weatherTmp2upCenter,Temperature,2,Center,FALSE,14.16690842928148,0.6817525877812423,4
Mineral fertiliser,Residue Removed,weatherTmp3dwnCenter,Temperature,-3,Center,FALSE,5.836711789268518,0.4161940741249125,4
Mineral fertiliser,Residue Removed,weatherTmp3upCenter,Temperature,3,Center,FALSE,14.306689281415471,0.7157240507258421,4
Mineral fertiliser,Residue Removed,weatherWin0Center,Wind,0,Center,FALSE,11.190018807777777,0.8270591020021134,4
Mineral fertiliser,Residue Removed,weatherWin20dwnCenter,Wind,-20,Center,FALSE,11.348517190092593,0.860172452769779,4
Mineral fertiliser,Residue Removed,weatherWin30dwnCenter,Wind,-30,Center,FALSE,11.36698945638889,0.8627951510992511,4
Mineral fertiliser,Residue Removed,weatherWin40dwnCenter,Wind,-40,Center,FALSE,11.359565323425926,0.8516325659398933,4
Mineral fertiliser,Residue Removed,weatherWin50dwnCenter,Wind,-50,Center,FALSE,11.359307994916666,0.8447207285141078,4
Mineral fertiliser,Residue Removed,weatherWin60dwnCenter,Wind,-60,Center,FALSE,11.371094298101852,0.8427074632078271,4
Mineral fertiliser,Residue Removed,weatherWin70dwnCenter,Wind,-70,Center,FALSE,11.37696569900926,0.8377711269847361,4
Mineral fertiliser,Residue Retained,weatherBaselineopen,Baseline,0,Open field,TRUE,2.000171494351852,0.15972871737670222,4
Mineral fertiliser,Residue Retained,weatherRad0Center,Radiation,0,Center,FALSE,1.5278055275925926,0.15268843963209425,4
Mineral fertiliser,Residue Retained,weatherRad10dwnCenter,Radiation,-10,Center,FALSE,1.3040651433148147,0.15232396207102017,4
Mineral fertiliser,Residue Retained,weatherRad20dwnCenter,Radiation,-20,Center,FALSE,1.0510550054814813,0.1494299836423538,4
Mineral fertiliser,Residue Retained,weatherRad30dwnCenter,Radiation,-30,Center,FALSE,0.7854461811851852,0.11894285208012938,4
Mineral fertiliser,Residue Retained,weatherRad5dwnCenter,Radiation,-5,Center,FALSE,1.4127012771490741,0.15415009535377636,4
Mineral fertiliser,Residue Retained,weatherTmp0Center,Temperature,0,Center,FALSE,1.8994560243981482,0.2196886994305214,4
Mineral fertiliser,Residue Retained,weatherTmp0p5upCenter,Temperature,0.5,Center,FALSE,2.0128214776851854,0.15477556795184766,4
Mineral fertiliser,Residue Retained,weatherTmp1upCenter,Temperature,1,Center,FALSE,2.1083687444416666,0.17515234537353053,4
Mineral fertiliser,Residue Retained,weatherTmp2dwnCenter,Temperature,-2,Center,FALSE,1.2033876577777778,0.25694465880903816,4
Mineral fertiliser,Residue Retained,weatherTmp2upCenter,Temperature,2,Center,FALSE,2.1859768288574073,0.14536998051541236,4
Mineral fertiliser,Residue Retained,weatherTmp3dwnCenter,Temperature,-3,Center,FALSE,0.8044555875925926,0.23457841149859648,4
Mineral fertiliser,Residue Retained,weatherTmp3upCenter,Temperature,3,Center,FALSE,2.0798723667394445,0.15325830004803934,4
Mineral fertiliser,Residue Retained,weatherWin0Center,Wind,0,Center,FALSE,1.988496338148148,0.1549327872718116,4
Mineral fertiliser,Residue Retained,weatherWin20dwnCenter,Wind,-20,Center,FALSE,1.9826201767592593,0.15740542309458067,4
Mineral fertiliser,Residue Retained,weatherWin30dwnCenter,Wind,-30,Center,FALSE,1.9796005328703705,0.15879853665561594,4
Mineral fertiliser,Residue Retained,weatherWin40dwnCenter,Wind,-40,Center,FALSE,1.9752941712962961,0.15960503845116583,4
Mineral fertiliser,Residue Retained,weatherWin50dwnCenter,Wind,-50,Center,FALSE,1.9719257010185185,0.1598874365700177,4
Mineral fertiliser,Residue Retained,weatherWin60dwnCenter,Wind,-60,Center,FALSE,1.9680120662962963,0.16129894405206027,4
Mineral fertiliser,Residue Retained,weatherWin70dwnCenter,Wind,-70,Center,FALSE,1.9639087708333332,0.16163686567338703,4
